商家id,商品id,别名alias,商品链接,商品名称,分类,展示价格,最低价,最高价,商品图,规格信息,规格摘要,热门,推荐,标签,销量,上架状态,详情抓取状态
113996920,3911803637,270p6r1g4dz546z,https://shop114189088.youzan.com/v2/goods/270p6r1g4dz546z,【新品】抹茶芭乐提,热销口味,138.0,138.0,258.0,"[{""url"":""https://img.yzcdn.cn/upload_files/2026/04/25/Fh2OUloLjBzm-KBHD-z2eWFuY8dQ.jpg"",""size"":""728*728""},{""url"":""https://img.yzcdn.cn/upload_files/2026/03/25/Flc8uygjDhMGGlECw8TSfMfQgxqW.jpg"",""size"":""683*683""}]","[{""name"":""尺寸"",""type"":""price"",""required"":true,""ask_stage"":""confirm"",""options"":[{""name"":""4寸"",""price"":138.0},{""name"":""5寸"",""price"":188.0},{""name"":""6寸"",""price"":258.0}]}]",尺寸（必须）：4寸138元、5寸188元、6寸258元,True,False,本店销量榜第8;热门,119,1,ok
113996920,4078941629,276u1jasbq57c6y,https://shop114189088.youzan.com/v2/goods/276u1jasbq57c6y,杨梅季 杨梅冷萃酸奶蛋糕,热销口味,138.0,138.0,258.0,"[{""url"":""https://img.yzcdn.cn/upload_files/2025/05/14/FsFgmX_fEGyVJ4sa-tQM0vjKKhFb.jpg"",""size"":""777*776""},{""url"":""https://img.yzcdn.cn/upload_files/2025/05/14/Ft7Mkjzc8Z-NMkKgWy7MdEUZiDib.jpg"",""size"":""826*827""},{""url"":""https://img.yzcdn.cn/upload_files/2025/05/14/Fl8ote-rkw4KRS-7whi-y7jEDUKt.jpg"",""size"":""737*737""}]","[{""name"":""尺寸"",""type"":""price"",""required"":true,""ask_stage"":""confirm"",""options"":[{""name"":""4寸"",""price"":138.0},{""name"":""5寸"",""price"":188.0},{""name"":""6寸"",""price"":258.0}]},{""name"":""生日帽"",""type"":""addon"",""required"":false,""ask_stage"":""checkout"",""options"":[{""name"":""金色纸质皇冠生日帽（1个）""},{""name"":""不需要生日帽""}]},{""name"":""蜡烛选择"",""type"":""addon"",""required"":false,""ask_stage"":""checkout"",""options"":[{""name"":""加长金色蜡烛1根""},{""name"":""银色弯曲蜡烛1根""},{""name"":""不需要蜡烛""}]}]",尺寸（必须）：4寸138元、5寸188元、6寸258元；生日帽（附属）：金色纸质皇冠生日帽（1个）、不需要生日帽；蜡烛选择（附属）：加长金色蜡烛1根、银色弯曲蜡烛1根、不需要蜡烛,True,False,本店销量榜第6;热门,178,1,ok
113996920,4664215975,1yd11wfp1pk3s79,https://shop114189088.youzan.com/v2/goods/1yd11wfp1pk3s79,【新品】玄米凤梨米布丁,热销口味,158.0,158.0,268.0,"[{""url"":""https://img01.yzcdn.cn/upload_files/2026/07/01/Ft2thDCiXtRw_qUHqnZy5pp0RztA.jpg"",""size"":""866*866""},{""url"":""https://img.yzcdn.cn/upload_files/2026/04/09/FiZhUYGfWFl6tlcp4HNHStbDLCRK.jpg"",""size"":""828*828""}]","[{""name"":""尺寸"",""type"":""price"",""required"":true,""ask_stage"":""confirm"",""options"":[{""name"":""4寸"",""price"":158.0},{""name"":""5寸"",""price"":198.0},{""name"":""6寸"",""price"":268.0}]}]",尺寸（必须）：4寸158元、5寸198元、6寸268元,True,False,本店人气榜第3;热门,27,1,ok
113996920,4432780168,3ezjd7dhzk0qww1,https://shop114189088.youzan.com/v2/goods/3ezjd7dhzk0qww1,五十铃抹茶杨梅,热销口味,158.0,158.0,268.0,"[{""url"":""https://img.yzcdn.cn/upload_files/2025/05/14/FoBeyYB6In_zsAVAbtzlb9CFgPtZ.jpg"",""size"":""822*1096""},{""url"":""https://img.yzcdn.cn/upload_files/2025/05/14/Fl0aR7bAnDEzP8eovN6LlDSQvct3.jpg"",""size"":""828*1104""},{""url"":""https://img.yzcdn.cn/upload_files/2025/05/14/FssIFbbnceCusS6qHO5jpWgthww5.jpg"",""size"":""828*1104""}]","[{""name"":""尺寸"",""type"":""price"",""required"":true,""ask_stage"":""confirm"",""options"":[{""name"":""4寸"",""price"":158.0},{""name"":""5寸"",""price"":198.0},{""name"":""6寸"",""price"":268.0}]},{""name"":""生日帽"",""type"":""addon"",""required"":false,""ask_stage"":""checkout"",""options"":[{""name"":""金色纸质皇冠生日帽（1个）""},{""name"":""不需要生日帽""}]},{""name"":""蜡烛选择"",""type"":""addon"",""required"":false,""ask_stage"":""checkout"",""options"":[{""name"":""加长金色蜡烛1根""},{""name"":""银色弯曲蜡烛1根""},{""name"":""不需要蜡烛""}]}]",尺寸（必须）：4寸158元、5寸198元、6寸268元；生日帽（附属）：金色纸质皇冠生日帽（1个）、不需要生日帽；蜡烛选择（附属）：加长金色蜡烛1根、银色弯曲蜡烛1根、不需要蜡烛,True,False,本店人气榜第4;热门,90,1,ok
113996920,4030326194,3nvs0a4qp5nhkqt,https://shop114189088.youzan.com/v2/goods/3nvs0a4qp5nhkqt,冷萃酸奶系列 树莓果果冷萃,热销口味,138.0,138.0,398.0,"[{""url"":""https://img.yzcdn.cn/upload_files/2025/04/15/FvXEz_YIADezvuY2w77ssdfaBVPC.jpg"",""size"":""821*821""},{""url"":""https://img.yzcdn.cn/upload_files/2025/04/15/FjumPKMRlXTe0qwuPmCelQfJpT-z.jpg"",""size"":""709*709""}]","[{""name"":""尺寸"",""type"":""price"",""required"":true,""ask_stage"":""confirm"",""options"":[{""name"":""4寸"",""price"":138.0},{""name"":""5寸"",""price"":208.0},{""name"":""6寸"",""price"":278.0},{""name"":""8寸（需提前1天下午4点前预定）"",""price"":398.0}]},{""name"":""生日帽"",""type"":""addon"",""required"":false,""ask_stage"":""checkout"",""options"":[{""name"":""金色纸质皇冠生日帽（1个）""},{""name"":""不需要生日帽""}]},{""name"":""蜡烛选择"",""type"":""addon"",""required"":false,""ask_stage"":""checkout"",""options"":[{""name"":""加长金色蜡烛1根""},{""name"":""银色弯曲蜡烛1根""},{""name"":""不需要蜡烛""}]}]",尺寸（必须）：4寸138元、5寸208元、6寸278元、8寸（需提前1天下午4点前预定）398元；生日帽（附属）：金色纸质皇冠生日帽（1个）、不需要生日帽；蜡烛选择（附属）：加长金色蜡烛1根、银色弯曲蜡烛1根、不需要蜡烛,True,False,本店人气榜第5;限时价;热门,146,1,ok
113996920,4371040836,2ojckj3j3ix7c5x,https://shop114189088.youzan.com/v2/goods/2ojckj3j3ix7c5x,【新品】树莓可可芝士挞,热销口味,168.0,168.0,238.0,"[{""url"":""https://img.yzcdn.cn/upload_files/2025/10/22/FlRL0AlFHk5i5LVPRqRDgWEFY3x-.jpg"",""size"":""826*1102""},{""url"":""https://img.yzcdn.cn/upload_files/2025/10/22/FuP08eqapn1Nn4EhgebpVN1EKooj.jpg"",""size"":""832*1110""},{""url"":""https://img.yzcdn.cn/upload_files/2025/10/22/FmI7QBneA-Z26-SspSylQWIbxZgT.jpg"",""size"":""826*1102""},{""url"":""https://img.yzcdn.cn/upload_files/2025/10/22/Fm5c-x4F3iHKbYMvPK2pcJhrA1Jd.jpg"",""size"":""828*1104""}]","[{""name"":""尺寸"",""type"":""price"",""required"":true,""ask_stage"":""confirm"",""options"":[{""name"":""4寸"",""price"":168.0},{""name"":""5寸"",""price"":238.0}]}]",尺寸（必须）：4寸168元、5寸238元,True,False,本店销量榜第7;热门,166,1,ok
113996920,2202187314,3etcs1b7j3ws814,https://shop114189088.youzan.com/v2/goods/3etcs1b7j3ws814,【热销】覆盆子玫瑰荔枝,热销口味,138.0,138.0,398.0,"[{""url"":""https://img.yzcdn.cn/upload_files/2025/03/06/FodgJNDHxIAYbNnXQBoAhnP4kXv_.jpg"",""size"":""794*794""},{""url"":""https://img.yzcdn.cn/upload_files/2026/05/22/Fo2zzhtZB-GJJ3HmtAHBQom92QJ2.jpg"",""size"":""729*730""}]","[{""name"":""尺寸"",""type"":""price"",""required"":true,""ask_stage"":""confirm"",""options"":[{""name"":""4寸"",""price"":138.0},{""name"":""5寸"",""price"":208.0},{""name"":""6寸"",""price"":288.0},{""name"":""8寸（需提前1天下午4点前预定）"",""price"":398.0}]}]",尺寸（必须）：4寸138元、5寸208元、6寸288元、8寸（需提前1天下午4点前预定）398元,False,False,限时价,708,1,ok
113996920,4030326279,1y8471ebvil9kd9,https://shop114189088.youzan.com/v2/goods/1y8471ebvil9kd9,冷萃酸奶系列 百香芒芒冷萃,热销口味,138.0,138.0,398.0,"[{""url"":""https://img.yzcdn.cn/upload_files/2025/04/15/FvrJiK9NXi7c3UJ_klEyfaORWYiL.jpg"",""size"":""715*714""},{""url"":""https://img.yzcdn.cn/upload_files/2025/04/15/FtUF0i8RVbWrk50Ja0YkFbhOPttT.jpg"",""size"":""709*709""}]","[{""name"":""尺寸"",""type"":""price"",""required"":true,""ask_stage"":""confirm"",""options"":[{""name"":""4寸"",""price"":138.0},{""name"":""5寸"",""price"":208.0},{""name"":""6寸"",""price"":278.0},{""name"":""8寸（需提前1天下午4点前预定）"",""price"":398.0}]}]",尺寸（必须）：4寸138元、5寸208元、6寸278元、8寸（需提前1天下午4点前预定）398元,True,False,本店人气榜第8;限时价;热门,150,1,ok
113996920,5098291599,2fn43vsm2t7zcrd,https://shop114189088.youzan.com/v2/goods/2fn43vsm2t7zcrd,【新品】布丁巧克力芝士挞,热销口味,188.0,188.0,258.0,"[{""url"":""https://img.yzcdn.cn/upload_files/2026/04/25/FplHoyXgLH2YWJuC4wWqFEIi9c_w.jpg"",""size"":""708*708""},{""url"":""https://img.yzcdn.cn/upload_files/2025/10/22/FjpqdRWWXOrVAreiXCzuZjoiLQtr.jpg"",""size"":""828*1104""},{""url"":""https://img.yzcdn.cn/upload_files/2025/10/22/Fg7w3rsw5qYc47375yH46Xn_CknZ.jpg"",""size"":""828*1104""},{""url"":""https://img.yzcdn.cn/upload_files/2025/10/22/FprkbXwCNXJul2OQ7cuptbHCFibJ.jpg"",""size"":""826*1102""},{""url"":""https://img.yzcdn.cn/upload_files/2025/10/22/FoxgbbnLOM-w-fAmmqtgZyfpH5M0.jpg"",""size"":""826*1102""}]","[{""name"":""尺寸"",""type"":""price"",""required"":true,""ask_stage"":""confirm"",""options"":[{""name"":""4寸"",""price"":188.0},{""name"":""5寸"",""price"":258.0}]}]",尺寸（必须）：4寸188元、5寸258元,True,False,本店人气榜第7;热门,71,1,ok
113996920,5683975652,3es5tlq3mik14a0,https://shop114189088.youzan.com/v2/goods/3es5tlq3mik14a0,【新品】杨枝甘露,热销口味,138.0,138.0,258.0,"[{""url"":""https://img.yzcdn.cn/upload_files/2026/04/07/Ft5zYzLkUzwuNxlf5yHPb7K2sn1W.jpg"",""size"":""724*724""},{""url"":""https://img.yzcdn.cn/upload_files/2026/04/02/Fpg3gZ2YAwsZUd9bNpfc2RWeQj7G.jpg"",""size"":""828*829""},{""url"":""https://img.yzcdn.cn/upload_files/2026/04/07/Fk0t9-f9goJ_1Q_-_8bekwc1kpCW.jpg"",""size"":""711*711""},{""url"":""https://img.yzcdn.cn/upload_files/2026/04/02/FiHl_f7N4_xgJ2IFYqyPbj6epnl0.jpg"",""size"":""749*749""},{""url"":""https://img.yzcdn.cn/upload_files/2026/04/02/Ft3Qytf-yMkg_OH-qnubWDtfGTL-.jpg"",""size"":""828*828""},{""url"":""https://img.yzcdn.cn/upload_files/2026/04/09/Foo8x4OiK5il9YCPScohmL-3Famm.jpg"",""size"":""828*829""}]","[{""name"":""尺寸"",""type"":""price"",""required"":true,""ask_stage"":""confirm"",""options"":[{""name"":""4寸"",""price"":138.0},{""name"":""5寸"",""price"":188.0},{""name"":""6寸"",""price"":258.0}]}]",尺寸（必须）：4寸138元、5寸188元、6寸258元,False,False,,30,1,ok
113996920,3621740606,2os0jg92tzb14dd,https://shop114189088.youzan.com/v2/goods/2os0jg92tzb14dd,6英寸抹茶生巧米布丁挞（甜品挞 个头很矮介意慎拍）,热销口味,208.0,208.0,208.0,"[{""url"":""https://img.yzcdn.cn/upload_files/2026/04/30/Fnojeih1BoQTgoRHr-z8Ma32O5nK.jpg"",""size"":""826*827""},{""url"":""https://img.yzcdn.cn/upload_files/2026/04/30/FqHYjG0sl-NQaTKGqfJkPHE2M2rv.jpg"",""size"":""828*828""},{""url"":""https://img.yzcdn.cn/upload_files/2026/04/30/FjRX2daiD73gZZmVa6BDg8DgtrxV.jpg"",""size"":""787*787""},{""url"":""https://img.yzcdn.cn/upload_files/2026/04/30/FttIovYrYdyuWxfrQisO5KouyjgY.jpg"",""size"":""787*788""},{""url"":""https://img.yzcdn.cn/upload_files/2026/04/30/Fl1PYpgFX2gS2WoGKX0ObNwMXkPT.jpg"",""size"":""826*827""},{""url"":""https://img.yzcdn.cn/upload_files/2026/04/30/FsLFmI3kIVrLbcOHHZybx-tshgjM.jpg"",""size"":""830*831""}]","[{""name"":""尺寸"",""type"":""price"",""required"":false,""ask_stage"":""never"",""options"":[{""name"":""6寸"",""price"":208.0}]}]",尺寸（必须）：6寸208元,True,False,本店人气榜第9;热门,90,1,ok
113996920,4427395046,2xlshjsvpsgl4wu,https://shop114189088.youzan.com/v2/goods/2xlshjsvpsgl4wu,五十铃抹茶柚子,热销口味,158.0,158.0,398.0,"[{""url"":""https://img.yzcdn.cn/upload_files/2025/05/12/Ft_NDriiFOnPqy3fPdSmu8nyMy52.jpg"",""size"":""774*774""},{""url"":""https://img.yzcdn.cn/upload_files/2025/05/12/FqRqNg6dUMGVljvp14UzvGgsrWUj.jpg"",""size"":""826*827""},{""url"":""https://img.yzcdn.cn/upload_files/2025/05/12/FrZScz804VmTN8WFbd0ets2cczOX.jpg"",""size"":""826*827""},{""url"":""https://img.yzcdn.cn/upload_files/2025/05/12/FqS187D8kcr_d-J9VjRGphX0rl2M.jpg"",""size"":""828*828""}]","[{""name"":""尺寸"",""type"":""price"",""required"":true,""ask_stage"":""confirm"",""options"":[{""name"":""4寸"",""price"":158.0},{""name"":""5寸"",""price"":228.0},{""name"":""6寸"",""price"":298.0},{""name"":""8寸（需提前1天预定）"",""price"":398.0}]},{""name"":""生日帽"",""type"":""addon"",""required"":false,""ask_stage"":""checkout"",""options"":[{""name"":""金色纸质皇冠生日帽（1个）""},{""name"":""不需要生日帽""}]},{""name"":""蜡烛选择"",""type"":""addon"",""required"":false,""ask_stage"":""checkout"",""options"":[{""name"":""加长金色蜡烛1根""},{""name"":""银色弯曲蜡烛1根""},{""name"":""不需要蜡烛""}]}]",尺寸（必须）：4寸158元、5寸228元、6寸298元、8寸（需提前1天预定）398元；生日帽（附属）：金色纸质皇冠生日帽（1个）、不需要生日帽；蜡烛选择（附属）：加长金色蜡烛1根、银色弯曲蜡烛1根、不需要蜡烛,False,False,,70,1,ok
113996920,4078948121,3f1zd3g0s3ebsbw,https://shop114189088.youzan.com/v2/goods/3f1zd3g0s3ebsbw,杨梅季 杨梅荔枝,热销口味,138.0,138.0,258.0,"[{""url"":""https://img.yzcdn.cn/upload_files/2026/05/14/Fv5IRSG9PA12rrMHw9u3_MmoviV9.jpg"",""size"":""816*816""},{""url"":""https://img.yzcdn.cn/upload_files/2026/05/14/FrOc_Ce2JsW9a2QsZD4GWKRSuYyB.jpg"",""size"":""828*829""},{""url"":""https://img.yzcdn.cn/upload_files/2025/05/14/FvMHH0-2SHn-Hvr1G6qhdqF-AfbR.jpg"",""size"":""828*1104""}]","[{""name"":""尺寸"",""type"":""price"",""required"":true,""ask_stage"":""confirm"",""options"":[{""name"":""4寸"",""price"":138.0},{""name"":""5寸"",""price"":188.0},{""name"":""6寸"",""price"":258.0}]},{""name"":""生日帽"",""type"":""addon"",""required"":false,""ask_stage"":""checkout"",""options"":[{""name"":""金色纸质皇冠生日帽（1个）""},{""name"":""不需要生日帽""}]},{""name"":""蜡烛选择"",""type"":""addon"",""required"":false,""ask_stage"":""checkout"",""options"":[{""name"":""加长金色蜡烛1根""},{""name"":""银色弯曲蜡烛1根""},{""name"":""不需要蜡烛""}]}]",尺寸（必须）：4寸138元、5寸188元、6寸258元；生日帽（附属）：金色纸质皇冠生日帽（1个）、不需要生日帽；蜡烛选择（附属）：加长金色蜡烛1根、银色弯曲蜡烛1根、不需要蜡烛,False,False,,58,1,ok
113996920,2772709653,275mk4lbovpjsej,https://shop114189088.youzan.com/v2/goods/275mk4lbovpjsej,法芙娜梦龙生巧/巧克力脑袋,热销口味,158.0,158.0,398.0,"[{""url"":""https://img.yzcdn.cn/upload_files/2023/11/22/FmiLPceH4wUetb791fmOm2_AluJO.jpg"",""size"":""828*829""},{""url"":""https://img.yzcdn.cn/upload_files/2023/11/22/FgbfN3TxhDvMXFAVjjklvQOiDMUx.jpg"",""size"":""828*1242""}]","[{""name"":""尺寸"",""type"":""price"",""required"":true,""ask_stage"":""confirm"",""options"":[{""name"":""4寸"",""price"":158.0},{""name"":""5寸"",""price"":228.0},{""name"":""6寸"",""price"":298.0},{""name"":""8寸（需提前1天下午4点前预定）"",""price"":398.0}]}]",尺寸（必须）：4寸158元、5寸228元、6寸298元、8寸（需提前1天下午4点前预定）398元,True,False,本店销量榜第5;热门,242,1,ok
113996920,3893608626,274f34sws6qk8tj,https://shop114189088.youzan.com/v2/goods/274f34sws6qk8tj,明媚春日系列 伯牙绝弦蛋糕,热销口味,138.0,138.0,408.0,"[{""url"":""https://img.yzcdn.cn/upload_files/2025/02/27/For1mc57tRjKm6kxAbW3D3o40UDB.jpg"",""size"":""818*819""},{""url"":""https://img.yzcdn.cn/upload_files/2025/03/06/FrcBNRwIvbMLyIP-zY9J89DbarDu.jpg"",""size"":""823*822""},{""url"":""https://img.yzcdn.cn/upload_files/2025/02/27/FqfPvBmCa4jEqPKQgZd3RM6JcHcC.jpg"",""size"":""828*829""},{""url"":""https://img.yzcdn.cn/upload_files/2025/02/27/FuPNS4hCgy7kZueqPSCHGuiPG-jC.jpg"",""size"":""743*743""}]","[{""name"":""尺寸"",""type"":""price"",""required"":true,""ask_stage"":""confirm"",""options"":[{""name"":""4寸"",""price"":138.0},{""name"":""5寸"",""price"":208.0},{""name"":""6寸"",""price"":278.0},{""name"":""8寸（需提前1天下午4点前预定）"",""price"":408.0}]}]",尺寸（必须）：4寸138元、5寸208元、6寸278元、8寸（需提前1天下午4点前预定）408元,False,False,限时价,136,1,ok
113996920,2202187312,2g1wl600m8sewwq,https://shop114189088.youzan.com/v2/goods/2g1wl600m8sewwq,抹茶栗子,热销口味,128.0,128.0,378.0,"[{""url"":""https://img.yzcdn.cn/upload_files/2026/04/25/FtZVdQ6Tfaj-OD4Kl-nz3opuSRdp.jpg"",""size"":""759*758""},{""url"":""https://img.yzcdn.cn/upload_files/2023/11/21/Fmbe65KJfKowLpaBL0k7I_8TYPD5.jpg"",""size"":""623*622""},{""url"":""https://img.yzcdn.cn/upload_files/2022/06/20/Fk3FVh0ZFt4RofgEI3W68bIRQ8IT.jpg"",""size"":""1198*1598""}]","[{""name"":""尺寸"",""type"":""price"",""required"":true,""ask_stage"":""confirm"",""options"":[{""name"":""4寸"",""price"":128.0},{""name"":""5寸"",""price"":198.0},{""name"":""6寸"",""price"":278.0},{""name"":""8寸（需提前1天下午4点前预定）"",""price"":378.0}]}]",尺寸（必须）：4寸128元、5寸198元、6寸278元、8寸（需提前1天下午4点前预定）378元,True,False,本店销量榜第1;热门,497,1,ok
113996920,3911809339,3nn5xrcrvmzbsz5,https://shop114189088.youzan.com/v2/goods/3nn5xrcrvmzbsz5,明媚春日系列 树莓开心果,热销口味,138.0,138.0,278.0,"[{""url"":""https://img.yzcdn.cn/upload_files/2025/03/06/FuFfvk61cIWIPoQO7ybbxnB64GHU.jpg"",""size"":""741*740""},{""url"":""https://img.yzcdn.cn/upload_files/2025/03/06/FkfwEOY5SOSpQgeHKnqJnkCPfIne.jpg"",""size"":""699*699""}]","[{""name"":""尺寸"",""type"":""price"",""required"":true,""ask_stage"":""confirm"",""options"":[{""name"":""4寸"",""price"":138.0},{""name"":""5寸"",""price"":208.0},{""name"":""6寸"",""price"":278.0}]}]",尺寸（必须）：4寸138元、5寸208元、6寸278元,False,False,限时价,99,1,ok
113996920,4089496919,3f3820b0ai5q01h,https://shop114189088.youzan.com/v2/goods/3f3820b0ai5q01h,emoji小饼干慕斯 开心果树莓口味（个头迷你介意慎拍）,热销口味;emoji小饼干慕斯,128.0,128.0,128.0,"[{""url"":""https://img.yzcdn.cn/upload_files/2024/06/18/FiaGbCStqEWwcIWkn18ogWD1YSx_.jpg"",""size"":""828*829""},{""url"":""https://img.yzcdn.cn/upload_files/2024/06/18/FjK7QP20ZZ7xvtDW45AsSdcDSQDT.jpg"",""size"":""828*829""},{""url"":""https://img.yzcdn.cn/upload_files/2024/06/18/Fkpnd46CWJi5YYmyVJoM3rKkphhz.jpg"",""size"":""829*1105""},{""url"":""https://img.yzcdn.cn/upload_files/2024/06/18/Fpus4UKon7_hmApPgoFz1lwtvN6E.jpg"",""size"":""829*1105""},{""url"":""https://img.yzcdn.cn/upload_files/2024/06/18/Ft-XgIFbbyxnaC2su0R6XCEu-Dph.jpg"",""size"":""828*1104""},{""url"":""https://img.yzcdn.cn/upload_files/2024/06/18/FqxtBfkLPJEjbKu0HJB0SV66wFCn.jpg"",""size"":""826*827""},{""url"":""https://img.yzcdn.cn/upload_files/2024/06/18/FuWUk2YaL4bOH99igeF3VNHdv7oN.jpg"",""size"":""826*1102""},{""url"":""https://img.yzcdn.cn/upload_files/2024/06/18/FiGGls7pIBPP4rBqPZRMRUBSNm2_.jpg"",""size"":""826*827""},{""url"":""https://img.yzcdn.cn/upload_files/2024/06/18/FsNX6KTKQ95C40p6hcs4i3s2mJYu.jpg"",""size"":""828*828""}]","[{""name"":""尺寸"",""type"":""price"",""required"":false,""ask_stage"":""never"",""options"":[{""name"":""4寸"",""price"":128.0}]}]",尺寸（必须）：4寸128元,True,False,本店销量榜第3;热门,380,1,ok
113996920,3621247809,3620tr8kvklbs42,https://shop114189088.youzan.com/v2/goods/3620tr8kvklbs42,明媚春日系列 芒果百香果,热销口味,138.0,138.0,278.0,"[{""url"":""https://img.yzcdn.cn/upload_files/2025/03/05/Fj3oAg_JsH_sQ4Sls4PJ8MWKPHKf.jpg"",""size"":""801*801""},{""url"":""https://img.yzcdn.cn/upload_files/2025/03/05/FlRkSw8XrWTnbXVYiXu-f5Ry6LVo.jpg"",""size"":""755*755""}]","[{""name"":""尺寸"",""type"":""price"",""required"":true,""ask_stage"":""confirm"",""options"":[{""name"":""4寸"",""price"":138.0},{""name"":""5寸"",""price"":208.0},{""name"":""6寸"",""price"":278.0}]}]",尺寸（必须）：4寸138元、5寸208元、6寸278元,False,False,限时价,88,1,ok
113996920,2999107129,2g0morsqnh2s8gx,https://shop114189088.youzan.com/v2/goods/2g0morsqnh2s8gx,emoji小饼干慕斯 黑巧树莓口味 （个头迷你介意慎拍）,热销口味;emoji小饼干慕斯,128.0,128.0,128.0,"[{""url"":""https://img.yzcdn.cn/upload_files/2024/05/29/Fjx5HfBZhh7MHOS41hCnizDkd4OT.jpg"",""size"":""828*829""},{""url"":""https://img.yzcdn.cn/upload_files/2024/05/29/FrjCAhRxnuMQ1p86YOVx1ZkKErDT.jpg"",""size"":""828*829""},{""url"":""https://img.yzcdn.cn/upload_files/2024/05/29/FrnyejDDC9VZHkAMQ33VS3he7cOs.jpg"",""size"":""832*833""},{""url"":""https://img.yzcdn.cn/upload_files/2024/05/29/Fs63m0rTiXUmVfCDqX-q7SQcP77i.jpg"",""size"":""826*827""},{""url"":""https://img.yzcdn.cn/upload_files/2024/06/18/FuWUk2YaL4bOH99igeF3VNHdv7oN.jpg"",""size"":""826*1102""},{""url"":""https://img.yzcdn.cn/upload_files/2024/06/18/FvXx58RN3clf-jU41Mn6yzNWwbd2.jpg"",""size"":""826*1102""},{""url"":""https://img.yzcdn.cn/upload_files/2024/06/18/Fpus4UKon7_hmApPgoFz1lwtvN6E.jpg"",""size"":""829*1105""},{""url"":""https://img.yzcdn.cn/upload_files/2024/06/18/FkkaAIWdz5KJjZiGIpwMr9F8RzPT.jpg"",""size"":""829*1105""}]","[{""name"":""尺寸"",""type"":""price"",""required"":false,""ask_stage"":""never"",""options"":[{""name"":""4寸"",""price"":128.0}]}]",尺寸（必须）：4寸128元,True,False,本店销量榜第2;热门,409,1,ok
113996920,4985686895,2g4cetjp01oqgrd,https://shop114189088.youzan.com/v2/goods/2g4cetjp01oqgrd,jellycat小火苗,4寸专区;女宝宝;送女神;可爱风,168.0,168.0,238.0,"[{""url"":""https://img.yzcdn.cn/upload_files/2025/09/12/FkIEp6ya7xb7B9nvsFm-_Ga_DRT6.jpg"",""size"":""752*752""}]","[{""name"":""尺寸"",""type"":""price"",""required"":true,""ask_stage"":""confirm"",""options"":[{""name"":""4寸"",""price"":168.0},{""name"":""5寸"",""price"":238.0}]},{""name"":""夹心口味选择"",""type"":""preference"",""required"":false,""ask_stage"":""confirm"",""options"":[{""name"":""伯牙绝弦夹心（红茶戚风+伯牙绝弦奶油+一层抹茶茉莉慕斯+一层黑巧碧根果和巧克力脆""},{""name"":""海盐奥利奥（巧克力戚风+奥利奥奶油+一层奥利奥碎和脆珠+一层巧克力脆脆和脆珠夹心""},{""name"":""巧克力奶油加新鲜水果（默认芒果如有过敏请咨询客服）""},{""name"":""原味奶油加新鲜水果（默认芒果如有过敏请咨询客服）""}]}]",尺寸（必须）：4寸168元、5寸238元；夹心口味选择（喜好）：伯牙绝弦夹心（红茶戚风+伯牙绝弦奶油+一层抹茶茉莉慕斯+一层黑巧碧根果和巧克力脆、海盐奥利奥（巧克力戚风+奥利奥奶油+一层奥利奥碎和脆珠+一层巧克力脆脆和脆珠夹心、巧克力奶油加新鲜水果（默认芒果如有过敏请咨询客服）、原味奶油加新鲜水果（默认芒果如有过敏请咨询客服）,False,False,,11,1,ok
113996920,2878018514,1y5nc1hkrucuwly,https://shop114189088.youzan.com/v2/goods/1y5nc1hkrucuwly,男士款受欢迎no1 / 渐变山丘蛋糕,4寸专区;送男士,158.0,158.0,298.0,"[{""url"":""https://img.yzcdn.cn/upload_files/2024/02/26/FpxyLgaKAdZKXPkQs6xIJXoehBdl.jpg"",""size"":""673*673""}]","[{""name"":""尺寸"",""type"":""price"",""required"":true,""ask_stage"":""confirm"",""options"":[{""name"":""4寸"",""price"":158.0},{""name"":""5寸"",""price"":228.0},{""name"":""6寸"",""price"":298.0}]},{""name"":""夹心选择"",""type"":""preference"",""required"":false,""ask_stage"":""confirm"",""options"":[{""name"":""海盐奥利奥（巧克力戚风+海盐奥利奥奶油+奥利奥碎、巧克力脆脆、巧克力脆珠夹心）""},{""name"":""巧克力奶油加新鲜水果（默认芒果如有过敏请咨询客服）""},{""name"":""原味奶油加新鲜水果（默认芒果如有过敏请咨询客服）""},{""name"":""伯牙绝弦（红茶戚风+伯牙绝弦奶油+一层抹茶茉莉慕斯+一层巧克力碧根果和巧克力脆脆""}]}]",尺寸（必须）：4寸158元、5寸228元、6寸298元；夹心选择（喜好）：海盐奥利奥（巧克力戚风+海盐奥利奥奶油+奥利奥碎、巧克力脆脆、巧克力脆珠夹心）、巧克力奶油加新鲜水果（默认芒果如有过敏请咨询客服）、原味奶油加新鲜水果（默认芒果如有过敏请咨询客服）、伯牙绝弦（红茶戚风+伯牙绝弦奶油+一层抹茶茉莉慕斯+一层巧克力碧根果和巧克力脆脆,True,False,本店销量榜第9;热门,103,3,ok
113996920,3643644144,3eybjn3gdcfoozm,https://shop114189088.youzan.com/v2/goods/3eybjn3gdcfoozm,小王子的玫瑰花,4寸专区;男宝宝;送男士,158.0,158.0,288.0,"[{""url"":""https://img.yzcdn.cn/upload_files/2024/11/29/FrBYM3X99HLv3gjN_UWcGSCN2JIn.jpg"",""size"":""828*1243""}]","[{""name"":""尺寸"",""type"":""price"",""required"":true,""ask_stage"":""confirm"",""options"":[{""name"":""4寸"",""price"":158.0},{""name"":""5寸"",""price"":218.0},{""name"":""6寸"",""price"":288.0}]},{""name"":""夹心选择"",""type"":""preference"",""required"":false,""ask_stage"":""confirm"",""options"":[{""name"":""原味奶油加新鲜水果（默认芒果如有过敏请咨询客服）""},{""name"":""海盐奥利奥（巧克力戚风+海盐奥利奥奶油+奥利奥碎、巧克力脆脆、巧克力脆珠夹心）""},{""name"":""巧克力奶油加新鲜水果（默认芒果如有过敏请咨询客服）""},{""name"":""伯牙绝弦（红茶戚风+伯牙绝弦奶油+一层抹茶茉莉慕斯+一层巧克力碧根果和巧克力脆脆""}]}]",尺寸（必须）：4寸158元、5寸218元、6寸288元；夹心选择（喜好）：原味奶油加新鲜水果（默认芒果如有过敏请咨询客服）、海盐奥利奥（巧克力戚风+海盐奥利奥奶油+奥利奥碎、巧克力脆脆、巧克力脆珠夹心）、巧克力奶油加新鲜水果（默认芒果如有过敏请咨询客服）、伯牙绝弦（红茶戚风+伯牙绝弦奶油+一层抹茶茉莉慕斯+一层巧克力碧根果和巧克力脆脆,False,False,,17,3,ok
113996920,5817077103,2x9hqoqlwu1nctw,https://shop114189088.youzan.com/v2/goods/2x9hqoqlwu1nctw,布丁巧克力星星人,可爱风,268.0,268.0,338.0,"[{""url"":""https://img.yzcdn.cn/upload_files/2026/05/12/FpBk2Lh4QBGB8wHJx7UV84E1RZJd.jpg"",""size"":""830*1108""}]","[{""name"":""尺寸"",""type"":""price"",""required"":true,""ask_stage"":""confirm"",""options"":[{""name"":""5寸"",""price"":268.0},{""name"":""6寸"",""price"":338.0}]},{""name"":""夹心选择"",""type"":""preference"",""required"":false,""ask_stage"":""confirm"",""options"":[{""name"":""原味奶油加新鲜水果（默认芒果如有过敏请咨询客服）""},{""name"":""巧克力奶油加新鲜水果（默认芒果如有过敏请咨询客服）""},{""name"":""海盐奥利奥（巧克力戚风+海盐奥利奥奶油+奥利奥碎、巧克力脆脆、巧克力脆珠夹心）""},{""name"":""伯牙绝弦（红茶戚风+伯牙绝弦奶油+一层抹茶茉莉慕斯+一层巧克力碧根果和巧克力脆脆""}]}]",尺寸（必须）：5寸268元、6寸338元；夹心选择（喜好）：原味奶油加新鲜水果（默认芒果如有过敏请咨询客服）、巧克力奶油加新鲜水果（默认芒果如有过敏请咨询客服）、海盐奥利奥（巧克力戚风+海盐奥利奥奶油+奥利奥碎、巧克力脆脆、巧克力脆珠夹心）、伯牙绝弦（红茶戚风+伯牙绝弦奶油+一层抹茶茉莉慕斯+一层巧克力碧根果和巧克力脆脆,False,False,,1,1,ok
113996920,2202187313,1ylnzdtkx7hvsw2,https://shop114189088.youzan.com/v2/goods/1ylnzdtkx7hvsw2,海盐奥利奥,热销口味,128.0,128.0,258.0,"[{""url"":""https://img.yzcdn.cn/upload_files/2022/06/20/FmJ4O8BEJYI8o2qYfKNP4OeyXV6E.jpg"",""size"":""3024*3024""}]","[{""name"":""尺寸"",""type"":""price"",""required"":true,""ask_stage"":""confirm"",""options"":[{""name"":""4寸"",""price"":128.0},{""name"":""5寸"",""price"":188.0},{""name"":""6寸"",""price"":258.0}]}]",尺寸（必须）：4寸128元、5寸188元、6寸258元,False,False,,98,1,ok
113996920,1886309221,2ouhkybbvpskob2,https://shop114189088.youzan.com/v2/goods/2ouhkybbvpskob2,搞怪风海盐奥利奥,4寸专区;送男士,138.0,138.0,288.0,"[{""url"":""https://img.yzcdn.cn/upload_files/2022/06/28/FqGjbJUlwximoR1nlMESmZTn5HUw.jpg"",""size"":""1276*1702""}]","[{""name"":""尺寸"",""type"":""price"",""required"":true,""ask_stage"":""confirm"",""options"":[{""name"":""4寸"",""price"":138.0},{""name"":""5寸"",""price"":218.0},{""name"":""6寸"",""price"":288.0}]},{""name"":""夹心选择"",""type"":""preference"",""required"":false,""ask_stage"":""confirm"",""options"":[{""name"":""海盐奥利奥（巧克力戚风+海盐奥利奥奶油+奥利奥碎、巧克力脆脆、巧克力脆珠夹心）""}]}]",尺寸（必须）：4寸138元、5寸218元、6寸288元；夹心选择（喜好）：海盐奥利奥（巧克力戚风+海盐奥利奥奶油+奥利奥碎、巧克力脆脆、巧克力脆珠夹心）,False,False,,28,1,ok
113996920,3643840845,1ygqy7lstcykozp,https://shop114189088.youzan.com/v2/goods/1ygqy7lstcykozp,Jellycat,4寸专区;女宝宝;送女神,168.0,168.0,308.0,"[{""url"":""https://img.yzcdn.cn/upload_files/2024/11/29/FkPy2li8juh9auvx9ZIiDu1HQgdL.jpg"",""size"":""766*766""}]","[{""name"":""尺寸"",""type"":""price"",""required"":true,""ask_stage"":""confirm"",""options"":[{""name"":""4寸"",""price"":168.0},{""name"":""5寸"",""price"":238.0},{""name"":""6寸"",""price"":308.0}]},{""name"":""夹心选择"",""type"":""preference"",""required"":false,""ask_stage"":""confirm"",""options"":[{""name"":""原味奶油加新鲜水果（默认芒果如有过敏请咨询客服）""},{""name"":""巧克力奶油加新鲜水果（默认芒果如有过敏请咨询客服）""},{""name"":""海盐奥利奥（巧克力戚风+海盐奥利奥奶油+奥利奥碎、巧克力脆脆、巧克力脆珠夹心）""},{""name"":""伯牙绝弦（红茶戚风+伯牙绝弦奶油+一层抹茶茉莉慕斯+一层巧克力碧根果和巧克力脆脆""}]}]",尺寸（必须）：4寸168元、5寸238元、6寸308元；夹心选择（喜好）：原味奶油加新鲜水果（默认芒果如有过敏请咨询客服）、巧克力奶油加新鲜水果（默认芒果如有过敏请咨询客服）、海盐奥利奥（巧克力戚风+海盐奥利奥奶油+奥利奥碎、巧克力脆脆、巧克力脆珠夹心）、伯牙绝弦（红茶戚风+伯牙绝弦奶油+一层抹茶茉莉慕斯+一层巧克力碧根果和巧克力脆脆,False,False,,31,3,ok
113996920,3846410219,2fs1tsz1af2coln,https://shop114189088.youzan.com/v2/goods/2fs1tsz1af2coln,复古刮刀花蝴蝶（需提前2天预定，下单前请先咨询),送女神;重工复古,318.0,318.0,388.0,"[{""url"":""https://img.yzcdn.cn/upload_files/2025/02/06/FpBfkq9yX7WCqsdfDDIuzZshfFFH.jpg"",""size"":""828*828""},{""url"":""https://img.yzcdn.cn/upload_files/2025/02/06/FhDp8HEDS_hPUJA4Oe_2V5OXtDNI.jpg"",""size"":""828*829""}]","[{""name"":""夹心选择"",""type"":""preference"",""required"":false,""ask_stage"":""confirm"",""options"":[{""name"":""原味奶油加新鲜水果（默认芒果如有过敏请咨询客服）""},{""name"":""巧克力奶油加新鲜水果（默认芒果如有过敏请咨询客服）""},{""name"":""海盐奥利奥（巧克力戚风+海盐奥利奥奶油+奥利奥碎、巧克力脆脆、巧克力脆珠夹心）""},{""name"":""伯牙绝弦（红茶戚风+伯牙绝弦奶油+一层抹茶茉莉慕斯+一层巧克力碧根果和巧克力脆脆""}]},{""name"":""尺寸"",""type"":""price"",""required"":true,""ask_stage"":""confirm"",""options"":[{""name"":""6寸"",""price"":388.0},{""name"":""5寸"",""price"":318.0}]}]",夹心选择（喜好）：原味奶油加新鲜水果（默认芒果如有过敏请咨询客服）、巧克力奶油加新鲜水果（默认芒果如有过敏请咨询客服）、海盐奥利奥（巧克力戚风+海盐奥利奥奶油+奥利奥碎、巧克力脆脆、巧克力脆珠夹心）、伯牙绝弦（红茶戚风+伯牙绝弦奶油+一层抹茶茉莉慕斯+一层巧克力碧根果和巧克力脆脆；尺寸（必须）：6寸388元、5寸318元,False,False,,5,3,ok
113996920,4317941035,1yak6t20rlek8e2,https://shop114189088.youzan.com/v2/goods/1yak6t20rlek8e2,粉色小熊（下单前请咨询，配件制作时间较久）,女宝宝;送女神;可爱风,248.0,248.0,318.0,"[{""url"":""https://img.yzcdn.cn/upload_files/2025/09/12/FjkiS04nOCBgEWh1mSDV_qX_8Z2C.jpg"",""size"":""826*826""}]","[{""name"":""尺寸"",""type"":""price"",""required"":true,""ask_stage"":""confirm"",""options"":[{""name"":""5寸"",""price"":248.0},{""name"":""6寸"",""price"":318.0}]},{""name"":""夹心口味选择"",""type"":""preference"",""required"":false,""ask_stage"":""confirm"",""options"":[{""name"":""伯牙绝弦夹心（红茶戚风+伯牙绝弦奶油+一层抹茶茉莉慕斯+一层黑巧碧根果和巧克力脆""},{""name"":""海盐奥利奥（巧克力戚风+奥利奥奶油+一层奥利奥碎和脆珠+一层巧克力脆脆和脆珠夹心""},{""name"":""巧克力奶油加新鲜水果（默认芒果如有过敏请咨询客服）""},{""name"":""原味奶油加新鲜水果（默认芒果如有过敏请咨询客服）""}]}]",尺寸（必须）：5寸248元、6寸318元；夹心口味选择（喜好）：伯牙绝弦夹心（红茶戚风+伯牙绝弦奶油+一层抹茶茉莉慕斯+一层黑巧碧根果和巧克力脆、海盐奥利奥（巧克力戚风+奥利奥奶油+一层奥利奥碎和脆珠+一层巧克力脆脆和脆珠夹心、巧克力奶油加新鲜水果（默认芒果如有过敏请咨询客服）、原味奶油加新鲜水果（默认芒果如有过敏请咨询客服）,False,False,,4,1,ok
113996920,3846509179,3eulasbeqpny0ik,https://shop114189088.youzan.com/v2/goods/3eulasbeqpny0ik,山川湖泊（微加高）（配件需提前制作，下单前请咨询）,送男士,328.0,328.0,398.0,"[{""url"":""https://img.yzcdn.cn/upload_files/2025/02/06/FnaqILjF-2A0qNUbH1FRLaUOJlFP.jpg"",""size"":""828*828""}]","[{""name"":""尺寸"",""type"":""price"",""required"":true,""ask_stage"":""confirm"",""options"":[{""name"":""5寸"",""price"":328.0},{""name"":""6寸"",""price"":398.0}]},{""name"":""夹心口味选择"",""type"":""preference"",""required"":false,""ask_stage"":""confirm"",""options"":[{""name"":""原味奶油加新鲜水果（默认芒果如有过敏请咨询客服）""},{""name"":""巧克力奶油加新鲜水果（默认芒果如有过敏请咨询客服）""},{""name"":""海盐奥利奥（巧克力戚风+奥利奥奶油+一层奥利奥碎和脆珠+一层巧克力脆脆和脆珠夹心""},{""name"":""伯牙绝弦夹心（红茶戚风+伯牙绝弦奶油+一层抹茶茉莉慕斯+一层黑巧碧根果）""}]}]",尺寸（必须）：5寸328元、6寸398元；夹心口味选择（喜好）：原味奶油加新鲜水果（默认芒果如有过敏请咨询客服）、巧克力奶油加新鲜水果（默认芒果如有过敏请咨询客服）、海盐奥利奥（巧克力戚风+奥利奥奶油+一层奥利奥碎和脆珠+一层巧克力脆脆和脆珠夹心、伯牙绝弦夹心（红茶戚风+伯牙绝弦奶油+一层抹茶茉莉慕斯+一层黑巧碧根果）,False,False,,1,3,ok
113996920,5816786983,3f39m18dhuqrc97,https://shop114189088.youzan.com/v2/goods/3f39m18dhuqrc97,星星人许个愿吧,可爱风,268.0,268.0,338.0,"[{""url"":""https://img.yzcdn.cn/upload_files/2026/05/12/FrthWPF2xWqCiYFONXCvLnoVFMNm.jpg"",""size"":""826*1104""},{""url"":""https://img.yzcdn.cn/upload_files/2026/05/12/FvPXKpaxLU-2wSGopmOJCwV_CHUq.jpg"",""size"":""826*1104""}]","[{""name"":""尺寸"",""type"":""price"",""required"":true,""ask_stage"":""confirm"",""options"":[{""name"":""5寸"",""price"":268.0},{""name"":""6寸"",""price"":338.0}]},{""name"":""夹心选择"",""type"":""preference"",""required"":false,""ask_stage"":""confirm"",""options"":[{""name"":""原味奶油加新鲜水果（默认芒果如有过敏请咨询客服）""},{""name"":""巧克力奶油加新鲜水果（默认芒果如有过敏请咨询客服）""},{""name"":""海盐奥利奥（巧克力戚风+海盐奥利奥奶油+奥利奥碎、巧克力脆脆、巧克力脆珠夹心）""},{""name"":""伯牙绝弦（红茶戚风+伯牙绝弦奶油+一层抹茶茉莉慕斯+一层巧克力碧根果和巧克力脆脆""}]}]",尺寸（必须）：5寸268元、6寸338元；夹心选择（喜好）：原味奶油加新鲜水果（默认芒果如有过敏请咨询客服）、巧克力奶油加新鲜水果（默认芒果如有过敏请咨询客服）、海盐奥利奥（巧克力戚风+海盐奥利奥奶油+奥利奥碎、巧克力脆脆、巧克力脆珠夹心）、伯牙绝弦（红茶戚风+伯牙绝弦奶油+一层抹茶茉莉慕斯+一层巧克力碧根果和巧克力脆脆,False,False,,0,1,ok
113996920,2213536198,2735cnpu56wnccp,https://shop114189088.youzan.com/v2/goods/2735cnpu56wnccp,可爱粉色小猪猪（装饰需提前制作 下单前请咨询）,4寸专区;女宝宝,158.0,158.0,308.0,"[{""url"":""https://img.yzcdn.cn/upload_files/2022/11/08/Fu7_nbGSod4R5IlzkwEno-vi_taf.jpg"",""size"":""1280*1280""}]","[{""name"":""尺寸"",""type"":""price"",""required"":true,""ask_stage"":""confirm"",""options"":[{""name"":""4寸"",""price"":158.0},{""name"":""5寸"",""price"":238.0},{""name"":""6寸"",""price"":308.0}]},{""name"":""夹心选择"",""type"":""preference"",""required"":false,""ask_stage"":""confirm"",""options"":[{""name"":""海盐奥利奥（巧克力戚风+海盐奥利奥奶油+奥利奥碎、巧克力脆脆、巧克力脆珠夹心）""},{""name"":""原味奶油加水果（默认芒果如有过敏请咨询客服）""},{""name"":""巧克力奶油加新鲜水果（默认芒果如有过敏请咨询客服）""},{""name"":""伯牙绝弦（红茶戚风+伯牙绝弦奶油+一层抹茶茉莉慕斯+一层巧克力碧根果和巧克力脆脆""}]}]",尺寸（必须）：4寸158元、5寸238元、6寸308元；夹心选择（喜好）：海盐奥利奥（巧克力戚风+海盐奥利奥奶油+奥利奥碎、巧克力脆脆、巧克力脆珠夹心）、原味奶油加水果（默认芒果如有过敏请咨询客服）、巧克力奶油加新鲜水果（默认芒果如有过敏请咨询客服）、伯牙绝弦（红茶戚风+伯牙绝弦奶油+一层抹茶茉莉慕斯+一层巧克力碧根果和巧克力脆脆,False,False,,41,3,ok
113996920,5816689438,2ogvw1ba8iql4x8,https://shop114189088.youzan.com/v2/goods/2ogvw1ba8iql4x8,立体美乐蒂,可爱风,298.0,298.0,368.0,"[{""url"":""https://img.yzcdn.cn/upload_files/2026/05/12/FtkgrBEPVdRHuu1hLbouDOVWBeb0.jpg"",""size"":""826*1102""},{""url"":""https://img.yzcdn.cn/upload_files/2026/05/12/FqpOLP8I5jd3_1U44P39dJ-0QIAY.jpg"",""size"":""826*1102""}]","[{""name"":""尺寸"",""type"":""price"",""required"":true,""ask_stage"":""confirm"",""options"":[{""name"":""5寸"",""price"":298.0},{""name"":""6寸"",""price"":368.0}]},{""name"":""夹心口味选择"",""type"":""preference"",""required"":false,""ask_stage"":""confirm"",""options"":[{""name"":""原味奶油加新鲜水果（默认芒果如有过敏请咨询客服）""},{""name"":""巧克力奶油加新鲜水果（默认芒果如有过敏请咨询客服）""},{""name"":""海盐奥利奥（巧克力戚风+奥利奥奶油+一层奥利奥碎和脆珠+一层巧克力脆脆和脆珠夹心""},{""name"":""伯牙绝弦夹心（红茶戚风+伯牙绝弦奶油+一层抹茶茉莉慕斯+一层黑巧碧根果和巧克力脆""}]}]",尺寸（必须）：5寸298元、6寸368元；夹心口味选择（喜好）：原味奶油加新鲜水果（默认芒果如有过敏请咨询客服）、巧克力奶油加新鲜水果（默认芒果如有过敏请咨询客服）、海盐奥利奥（巧克力戚风+奥利奥奶油+一层奥利奥碎和脆珠+一层巧克力脆脆和脆珠夹心、伯牙绝弦夹心（红茶戚风+伯牙绝弦奶油+一层抹茶茉莉慕斯+一层黑巧碧根果和巧克力脆,False,False,,0,1,ok
113996920,4715932471,2ofn0o2fx9vygzc,https://shop114189088.youzan.com/v2/goods/2ofn0o2fx9vygzc,小小挖掘机（年龄需备注）,男宝宝,248.0,248.0,408.0,"[{""url"":""https://img.yzcdn.cn/upload_files/2026/05/12/FhWBRZq6sh4eIXrDCFOowpDbl1I5.jpg"",""size"":""830*1106""}]","[{""name"":""尺寸"",""type"":""price"",""required"":true,""ask_stage"":""confirm"",""options"":[{""name"":""5寸"",""price"":248.0},{""name"":""6寸"",""price"":318.0},{""name"":""8寸（需提前1天下午4点前预定）"",""price"":408.0}]},{""name"":""夹心选择"",""type"":""preference"",""required"":false,""ask_stage"":""confirm"",""options"":[{""name"":""原味奶油加新鲜水果（默认芒果如有过敏请咨询客服）""},{""name"":""巧克力奶油加新鲜水果（默认芒果如有过敏请咨询客服）""},{""name"":""海盐奥利奥（巧克力戚风+海盐奥利奥奶油+奥利奥碎、巧克力脆脆、巧克力脆珠夹心）""},{""name"":""伯牙绝弦（红茶戚风+伯牙绝弦奶油+一层抹茶茉莉慕斯+一层巧克力碧根果和巧克力脆脆""}]}]",尺寸（必须）：5寸248元、6寸318元、8寸（需提前1天下午4点前预定）408元；夹心选择（喜好）：原味奶油加新鲜水果（默认芒果如有过敏请咨询客服）、巧克力奶油加新鲜水果（默认芒果如有过敏请咨询客服）、海盐奥利奥（巧克力戚风+海盐奥利奥奶油+奥利奥碎、巧克力脆脆、巧克力脆珠夹心）、伯牙绝弦（红茶戚风+伯牙绝弦奶油+一层抹茶茉莉慕斯+一层巧克力碧根果和巧克力脆脆,False,False,,0,1,ok
113996920,3846822612,2fwxned8e3k7cbm,https://shop114189088.youzan.com/v2/goods/2fwxned8e3k7cbm,立体刮刀花紫蝴蝶,送女神;重工复古,388.0,388.0,498.0,"[{""url"":""https://img.yzcdn.cn/upload_files/2025/02/06/FvaztOY1sFDlT9z4gR3bhkTWUJuh.jpg"",""size"":""826*826""},{""url"":""https://img.yzcdn.cn/upload_files/2025/02/06/FkOqUUAJLdNcPxk864qGJqt4REkH.jpg"",""size"":""826*827""}]","[{""name"":""夹心口味选择"",""type"":""preference"",""required"":false,""ask_stage"":""confirm"",""options"":[{""name"":""海盐奥利奥（巧克力戚风+奥利奥奶油+一层奥利奥碎和脆珠+一层巧克力脆脆和脆珠夹心""},{""name"":""伯牙绝弦夹心（红茶戚风+伯牙绝弦奶油+一层抹茶茉莉慕斯+一层黑巧碧根果）""}]},{""name"":""尺寸"",""type"":""price"",""required"":true,""ask_stage"":""confirm"",""options"":[{""name"":""8寸"",""price"":498.0},{""name"":""6寸"",""price"":388.0}]}]",夹心口味选择（喜好）：海盐奥利奥（巧克力戚风+奥利奥奶油+一层奥利奥碎和脆珠+一层巧克力脆脆和脆珠夹心、伯牙绝弦夹心（红茶戚风+伯牙绝弦奶油+一层抹茶茉莉慕斯+一层黑巧碧根果）；尺寸（必须）：8寸498元、6寸388元,False,False,,6,1,ok
113996920,3845330464,2ogvjhqp6asc8u5,https://shop114189088.youzan.com/v2/goods/2ogvjhqp6asc8u5,8寸修形小动物公交车（需提前2天预定，下单前请先咨询),女宝宝;男宝宝;可爱风,458.0,458.0,458.0,"[{""url"":""https://img.yzcdn.cn/upload_files/2025/02/04/Fhc4EvfIYvFLhCKW5-bTl9rh9wb7.jpg"",""size"":""826*827""}]","[{""name"":""尺寸"",""type"":""price"",""required"":false,""ask_stage"":""never"",""options"":[{""name"":""8寸"",""price"":458.0}]},{""name"":""夹心选择"",""type"":""preference"",""required"":false,""ask_stage"":""confirm"",""options"":[{""name"":""原味奶油加新鲜水果（默认芒果如有过敏请咨询客服）""},{""name"":""巧克力奶油加新鲜水果（默认芒果如有过敏请咨询客服）""},{""name"":""海盐奥利奥（巧克力戚风+海盐奥利奥奶油+奥利奥碎、巧克力脆脆、巧克力脆珠夹心）""},{""name"":""伯牙绝弦（红茶戚风+伯牙绝弦奶油+一层抹茶茉莉慕斯+一层巧克力碧根果和巧克力脆脆""}]}]",尺寸（必须）：8寸458元；夹心选择（喜好）：原味奶油加新鲜水果（默认芒果如有过敏请咨询客服）、巧克力奶油加新鲜水果（默认芒果如有过敏请咨询客服）、海盐奥利奥（巧克力戚风+海盐奥利奥奶油+奥利奥碎、巧克力脆脆、巧克力脆珠夹心）、伯牙绝弦（红茶戚风+伯牙绝弦奶油+一层抹茶茉莉慕斯+一层巧克力碧根果和巧克力脆脆,False,False,,5,3,ok
113996920,2882544311,3nx0vaaikmjegu2,https://shop114189088.youzan.com/v2/goods/3nx0vaaikmjegu2,超级马里奥（装饰需提前准备，下单前请咨询）,男宝宝;送男士,258.0,258.0,328.0,"[{""url"":""https://img.yzcdn.cn/upload_files/2024/03/01/FlQd620sdbyMoxFTK9RDX7k4ECNm.jpg"",""size"":""688*688""}]","[{""name"":""尺寸"",""type"":""price"",""required"":true,""ask_stage"":""confirm"",""options"":[{""name"":""5寸"",""price"":258.0},{""name"":""6寸"",""price"":328.0}]},{""name"":""夹心口味选择"",""type"":""preference"",""required"":false,""ask_stage"":""confirm"",""options"":[{""name"":""原味奶油加新鲜水果（默认芒果如有过敏请咨询客服）""},{""name"":""巧克力奶油加新鲜水果（默认芒果如有过敏请咨询客服）""},{""name"":""海盐奥利奥（巧克力戚风+奥利奥奶油+一层奥利奥碎和脆珠+一层巧克力脆脆和脆珠夹心""},{""name"":""伯牙绝弦夹心（红茶戚风+伯牙绝弦奶油+一层抹茶茉莉慕斯+一层黑巧碧根果和巧克力脆""}]}]",尺寸（必须）：5寸258元、6寸328元；夹心口味选择（喜好）：原味奶油加新鲜水果（默认芒果如有过敏请咨询客服）、巧克力奶油加新鲜水果（默认芒果如有过敏请咨询客服）、海盐奥利奥（巧克力戚风+奥利奥奶油+一层奥利奥碎和脆珠+一层巧克力脆脆和脆珠夹心、伯牙绝弦夹心（红茶戚风+伯牙绝弦奶油+一层抹茶茉莉慕斯+一层黑巧碧根果和巧克力脆,False,False,,6,3,ok
113996920,4716113101,2fs2cs2njwvp4fg,https://shop114189088.youzan.com/v2/goods/2fs2cs2njwvp4fg,摩天轮奥特曼,男宝宝,288.0,288.0,458.0,"[{""url"":""https://img.yzcdn.cn/upload_files/2026/05/12/Fu-9m3mWMbvvoraS9N_O0wGgdyZS.jpg"",""size"":""826*1102""}]","[{""name"":""尺寸"",""type"":""price"",""required"":true,""ask_stage"":""confirm"",""options"":[{""name"":""5寸"",""price"":288.0},{""name"":""6寸"",""price"":358.0},{""name"":""8寸（需提前1天下午4点前预定）"",""price"":458.0}]},{""name"":""夹心选择"",""type"":""preference"",""required"":false,""ask_stage"":""confirm"",""options"":[{""name"":""原味奶油加新鲜水果（默认芒果如有过敏请咨询客服）""},{""name"":""巧克力奶油加新鲜水果（默认芒果如有过敏请咨询客服）""},{""name"":""海盐奥利奥（巧克力戚风+海盐奥利奥奶油+奥利奥碎、巧克力脆脆、巧克力脆珠夹心）""},{""name"":""伯牙绝弦（红茶戚风+伯牙绝弦奶油+一层抹茶茉莉慕斯+一层巧克力碧根果和巧克力脆脆""}]}]",尺寸（必须）：5寸288元、6寸358元、8寸（需提前1天下午4点前预定）458元；夹心选择（喜好）：原味奶油加新鲜水果（默认芒果如有过敏请咨询客服）、巧克力奶油加新鲜水果（默认芒果如有过敏请咨询客服）、海盐奥利奥（巧克力戚风+海盐奥利奥奶油+奥利奥碎、巧克力脆脆、巧克力脆珠夹心）、伯牙绝弦（红茶戚风+伯牙绝弦奶油+一层抹茶茉莉慕斯+一层巧克力碧根果和巧克力脆脆,False,False,,1,1,ok
113996920,3564447000,2x9hqtyatx41416,https://shop114189088.youzan.com/v2/goods/2x9hqtyatx41416,jelly汉堡造型小饼干慕斯,emoji小饼干慕斯,168.0,168.0,168.0,"[{""url"":""https://img.yzcdn.cn/upload_files/2024/11/11/FpLSDdNf2ZzWhFco7ItQPmXwNezH.jpg"",""size"":""732*733""}]","[{""name"":""口味选择"",""type"":""preference"",""required"":false,""ask_stage"":""confirm"",""options"":[{""name"":""巧克力树莓口味""},{""name"":""开心果树莓口味""}]}]",口味选择（喜好）：巧克力树莓口味、开心果树莓口味,False,False,,32,1,ok
113996920,3335609068,26y96xm4piyegwi,https://shop114189088.youzan.com/v2/goods/26y96xm4piyegwi,复古油画风蝴蝶（加高）,送女神;重工复古,368.0,368.0,438.0,"[{""url"":""https://img.yzcdn.cn/upload_files/2024/09/24/Fqkd5x2fABqfDykK4rZ1SiZ9Zw-6.jpg"",""size"":""828*829""},{""url"":""https://img.yzcdn.cn/upload_files/2024/09/24/FtItZqAQh4JHuYK__JS_kzJKJnFs.jpg"",""size"":""828*829""}]","[{""name"":""尺寸"",""type"":""price"",""required"":true,""ask_stage"":""confirm"",""options"":[{""name"":""5寸加高"",""price"":368.0},{""name"":""6寸加高"",""price"":438.0}]},{""name"":""夹心口味选择"",""type"":""preference"",""required"":false,""ask_stage"":""confirm"",""options"":[{""name"":""原味奶油加新鲜水果（默认芒果如有过敏请咨询客服）""},{""name"":""巧克力奶油加新鲜水果（默认芒果如有过敏请咨询客服）""},{""name"":""海盐奥利奥（巧克力戚风+奥利奥奶油+一层奥利奥碎和脆珠+一层巧克力脆脆和脆珠夹心""},{""name"":""伯牙绝弦夹心（红茶戚风+伯牙绝弦奶油+一层抹茶茉莉慕斯+一层黑巧碧根果和巧克力脆""}]}]",尺寸（必须）：5寸加高368元、6寸加高438元；夹心口味选择（喜好）：原味奶油加新鲜水果（默认芒果如有过敏请咨询客服）、巧克力奶油加新鲜水果（默认芒果如有过敏请咨询客服）、海盐奥利奥（巧克力戚风+奥利奥奶油+一层奥利奥碎和脆珠+一层巧克力脆脆和脆珠夹心、伯牙绝弦夹心（红茶戚风+伯牙绝弦奶油+一层抹茶茉莉慕斯+一层黑巧碧根果和巧克力脆,False,False,,5,3,ok
113996920,3846512617,3620hh9nkrym0cw,https://shop114189088.youzan.com/v2/goods/3620hh9nkrym0cw,粉色芭蕾风,送女神,238.0,238.0,308.0,"[{""url"":""https://img.yzcdn.cn/upload_files/2025/02/06/FufdToz7wF2hztu0ew8B8ydYycnd.jpg"",""size"":""828*829""},{""url"":""https://img.yzcdn.cn/upload_files/2025/02/06/FigfYdNsFMegnvgtYqh9oyWhozcU.jpg"",""size"":""832*1108""}]","[{""name"":""夹心口味选择"",""type"":""preference"",""required"":false,""ask_stage"":""confirm"",""options"":[{""name"":""海盐奥利奥（巧克力戚风+奥利奥奶油+一层奥利奥碎和脆珠+一层巧克力脆脆和脆珠夹心""},{""name"":""巧克力奶油加新鲜水果（默认芒果如有过敏请咨询客服）""},{""name"":""原味奶油加新鲜水果（默认芒果如有过敏请咨询客服）""},{""name"":""伯牙绝弦夹心（红茶戚风+伯牙绝弦奶油+一层抹茶茉莉慕斯+一层黑巧碧根果）""}]},{""name"":""尺寸"",""type"":""price"",""required"":true,""ask_stage"":""confirm"",""options"":[{""name"":""5寸"",""price"":238.0},{""name"":""6寸"",""price"":308.0}]}]",夹心口味选择（喜好）：海盐奥利奥（巧克力戚风+奥利奥奶油+一层奥利奥碎和脆珠+一层巧克力脆脆和脆珠夹心、巧克力奶油加新鲜水果（默认芒果如有过敏请咨询客服）、原味奶油加新鲜水果（默认芒果如有过敏请咨询客服）、伯牙绝弦夹心（红茶戚风+伯牙绝弦奶油+一层抹茶茉莉慕斯+一层黑巧碧根果）；尺寸（必须）：5寸238元、6寸308元,False,False,,8,1,ok
113996920,2017621787,2fluqaktmkfu0w4,https://shop114189088.youzan.com/v2/goods/2fluqaktmkfu0w4,工程车（装饰需提前制作 下单前请咨询）,男宝宝,238.0,238.0,308.0,"[{""url"":""https://img.yzcdn.cn/upload_files/2022/08/20/FoMNIaAaCM6goK03WdklkPmRQ5iy.JPG"",""size"":""3024*3024""}]","[{""name"":""尺寸"",""type"":""price"",""required"":true,""ask_stage"":""confirm"",""options"":[{""name"":""5寸"",""price"":238.0},{""name"":""6寸"",""price"":308.0}]},{""name"":""夹心口味选择"",""type"":""preference"",""required"":false,""ask_stage"":""confirm"",""options"":[{""name"":""原味奶油加新鲜水果（默认芒果如有过敏请咨询客服）""},{""name"":""巧克力奶油加新鲜水果（默认芒果如有过敏请咨询客服）""},{""name"":""海盐奥利奥（巧克力戚风+奥利奥奶油+一层奥利奥碎和脆珠+一层巧克力脆脆和脆珠夹心""},{""name"":""伯牙绝弦夹心（红茶戚风+伯牙绝弦奶油+一层抹茶茉莉慕斯+一层黑巧碧根果和巧克力脆""}]}]",尺寸（必须）：5寸238元、6寸308元；夹心口味选择（喜好）：原味奶油加新鲜水果（默认芒果如有过敏请咨询客服）、巧克力奶油加新鲜水果（默认芒果如有过敏请咨询客服）、海盐奥利奥（巧克力戚风+奥利奥奶油+一层奥利奥碎和脆珠+一层巧克力脆脆和脆珠夹心、伯牙绝弦夹心（红茶戚风+伯牙绝弦奶油+一层抹茶茉莉慕斯+一层黑巧碧根果和巧克力脆,False,False,,9,3,ok
113996920,5817079926,2x70j3fsnjhtk33,https://shop114189088.youzan.com/v2/goods/2x70j3fsnjhtk33,立体挖掘机（年龄需备注）,男宝宝,398.0,398.0,398.0,"[{""url"":""https://img.yzcdn.cn/upload_files/2026/05/12/FnMcrKcoRoAMbR1ExMSbASXrFgkZ.jpg"",""size"":""826*1104""},{""url"":""https://img.yzcdn.cn/upload_files/2026/05/12/FpBqL7gIGGPlZf2C09kYfJBNCxvZ.jpg"",""size"":""826*1102""}]","[{""name"":""尺寸"",""type"":""price"",""required"":false,""ask_stage"":""never"",""options"":[{""name"":""6寸"",""price"":398.0}]},{""name"":""夹心选择"",""type"":""preference"",""required"":false,""ask_stage"":""confirm"",""options"":[{""name"":""原味奶油加新鲜水果（默认芒果如有过敏请咨询客服）""},{""name"":""巧克力奶油加新鲜水果（默认芒果如有过敏请咨询客服）""},{""name"":""海盐奥利奥（巧克力戚风+海盐奥利奥奶油+奥利奥碎、巧克力脆脆、巧克力脆珠夹心）""},{""name"":""伯牙绝弦（红茶戚风+伯牙绝弦奶油+一层抹茶茉莉慕斯+一层巧克力碧根果和巧克力脆脆""}]}]",尺寸（必须）：6寸398元；夹心选择（喜好）：原味奶油加新鲜水果（默认芒果如有过敏请咨询客服）、巧克力奶油加新鲜水果（默认芒果如有过敏请咨询客服）、海盐奥利奥（巧克力戚风+海盐奥利奥奶油+奥利奥碎、巧克力脆脆、巧克力脆珠夹心）、伯牙绝弦（红茶戚风+伯牙绝弦奶油+一层抹茶茉莉慕斯+一层巧克力碧根果和巧克力脆脆,False,False,,0,1,ok
113996920,3564232150,1yj7aknjuh3tkx0,https://shop114189088.youzan.com/v2/goods/1yj7aknjuh3tkx0,汉堡造型小饼干慕斯,emoji小饼干慕斯,158.0,158.0,158.0,"[{""url"":""https://img.yzcdn.cn/upload_files/2024/11/11/Fo9R6puUUE3NW-WYSYV_AHhhkdYq.jpg"",""size"":""778*778""}]","[{""name"":""口味"",""type"":""preference"",""required"":false,""ask_stage"":""confirm"",""options"":[{""name"":""巧克力树莓口味""},{""name"":""开心果树莓口味""}]}]",口味（喜好）：巧克力树莓口味、开心果树莓口味,False,False,,21,1,ok
113996920,3045797254,2xgvgo2xwooqgb5,https://shop114189088.youzan.com/v2/goods/2xgvgo2xwooqgb5,迷你Jellycat小草莓,4寸专区;可爱风,158.0,158.0,158.0,"[{""url"":""https://img.yzcdn.cn/upload_files/2023/05/05/FlXK7z8CBILoXQrq_j0y1ItCb5Y8.jpg"",""size"":""828*828""}]","[{""name"":""尺寸"",""type"":""price"",""required"":false,""ask_stage"":""never"",""options"":[{""name"":""4寸"",""price"":158.0}]},{""name"":""夹心选择"",""type"":""preference"",""required"":false,""ask_stage"":""confirm"",""options"":[{""name"":""海盐奥利奥（巧克力戚风+海盐奥利奥奶油+奥利奥碎、巧克力脆脆、巧克力脆珠夹心）""},{""name"":""巧克力奶油加新鲜水果（默认芒果如有过敏请咨询客服）""},{""name"":""原味奶油加新鲜水果（默认芒果如有过敏请咨询客服）""},{""name"":""伯牙绝弦（红茶戚风+伯牙绝弦奶油+一层抹茶茉莉慕斯+一层巧克力碧根果和巧克力脆脆""}]}]",尺寸（必须）：4寸158元；夹心选择（喜好）：海盐奥利奥（巧克力戚风+海盐奥利奥奶油+奥利奥碎、巧克力脆脆、巧克力脆珠夹心）、巧克力奶油加新鲜水果（默认芒果如有过敏请咨询客服）、原味奶油加新鲜水果（默认芒果如有过敏请咨询客服）、伯牙绝弦（红茶戚风+伯牙绝弦奶油+一层抹茶茉莉慕斯+一层巧克力碧根果和巧克力脆脆,False,False,,38,3,ok
113996920,5817182117,1y4g76e1ud0vczu,https://shop114189088.youzan.com/v2/goods/1y4g76e1ud0vczu,日照金山,送男士,248.0,248.0,318.0,"[{""url"":""https://img.yzcdn.cn/upload_files/2026/05/12/Fgqzkdk9oYCxohNbskRKH8Yr9tzN.jpg"",""size"":""832*1108""}]","[{""name"":""尺寸"",""type"":""price"",""required"":true,""ask_stage"":""confirm"",""options"":[{""name"":""5寸"",""price"":248.0},{""name"":""6寸"",""price"":318.0}]},{""name"":""夹心选择"",""type"":""preference"",""required"":false,""ask_stage"":""confirm"",""options"":[{""name"":""原味奶油加新鲜水果（默认芒果如有过敏请咨询客服）""},{""name"":""巧克力奶油加新鲜水果（默认芒果如有过敏请咨询客服）""},{""name"":""海盐奥利奥（巧克力戚风+海盐奥利奥奶油+奥利奥碎、巧克力脆脆、巧克力脆珠夹心）""},{""name"":""伯牙绝弦（红茶戚风+伯牙绝弦奶油+一层抹茶茉莉慕斯+一层巧克力碧根果和巧克力脆脆""}]}]",尺寸（必须）：5寸248元、6寸318元；夹心选择（喜好）：原味奶油加新鲜水果（默认芒果如有过敏请咨询客服）、巧克力奶油加新鲜水果（默认芒果如有过敏请咨询客服）、海盐奥利奥（巧克力戚风+海盐奥利奥奶油+奥利奥碎、巧克力脆脆、巧克力脆珠夹心）、伯牙绝弦（红茶戚风+伯牙绝弦奶油+一层抹茶茉莉慕斯+一层巧克力碧根果和巧克力脆脆,False,False,,1,1,ok
113996920,3849935592,2olu4pqk3fwvcg9,https://shop114189088.youzan.com/v2/goods/2olu4pqk3fwvcg9,春意盎然（配件需提前制作，下单前请咨询）,送女神,268.0,268.0,338.0,"[{""url"":""https://img.yzcdn.cn/upload_files/2025/02/09/Fnd4xNGjo456EV3Jvgn6ZAf046pg.jpg"",""size"":""826*827""},{""url"":""https://img.yzcdn.cn/upload_files/2025/02/09/FkEoGW3EXnTofvXBeeQijFzmYVW0.jpg"",""size"":""826*826""}]","[{""name"":""尺寸"",""type"":""price"",""required"":true,""ask_stage"":""confirm"",""options"":[{""name"":""5寸"",""price"":268.0},{""name"":""6寸"",""price"":338.0}]},{""name"":""夹心口味选择"",""type"":""preference"",""required"":false,""ask_stage"":""confirm"",""options"":[{""name"":""海盐奥利奥（巧克力戚风+奥利奥奶油+一层奥利奥碎和脆珠+一层巧克力脆脆和脆珠夹心""},{""name"":""巧克力奶油加新鲜水果（默认芒果如有过敏请咨询客服）""},{""name"":""原味奶油加新鲜水果（默认芒果如有过敏请咨询客服）""},{""name"":""伯牙绝弦夹心（红茶戚风+伯牙绝弦奶油+一层抹茶茉莉慕斯+一层黑巧碧根果）""}]}]",尺寸（必须）：5寸268元、6寸338元；夹心口味选择（喜好）：海盐奥利奥（巧克力戚风+奥利奥奶油+一层奥利奥碎和脆珠+一层巧克力脆脆和脆珠夹心、巧克力奶油加新鲜水果（默认芒果如有过敏请咨询客服）、原味奶油加新鲜水果（默认芒果如有过敏请咨询客服）、伯牙绝弦夹心（红茶戚风+伯牙绝弦奶油+一层抹茶茉莉慕斯+一层黑巧碧根果）,False,False,,9,1,ok
113996920,3846631932,368614udh0d6g5e,https://shop114189088.youzan.com/v2/goods/368614udh0d6g5e,粉山（图为8寸）（需提前2天预定，下单前请先咨询),送女神,398.0,398.0,468.0,"[{""url"":""https://img.yzcdn.cn/upload_files/2025/02/06/FojrwZjazY385oAFWfSKyjTFW-sy.jpg"",""size"":""826*826""},{""url"":""https://img.yzcdn.cn/upload_files/2025/02/06/FkI28Qc8voWv07o31yWSnDUBySMe.jpg"",""size"":""832*1110""}]","[{""name"":""夹心口味选择"",""type"":""preference"",""required"":false,""ask_stage"":""confirm"",""options"":[{""name"":""海盐奥利奥（巧克力戚风+奥利奥奶油+一层奥利奥碎和脆珠+一层巧克力脆脆和脆珠夹心""},{""name"":""伯牙绝弦夹心（红茶戚风+伯牙绝弦奶油+一层抹茶茉莉慕斯+一层黑巧碧根果）""}]},{""name"":""尺寸"",""type"":""price"",""required"":true,""ask_stage"":""confirm"",""options"":[{""name"":""6寸"",""price"":398.0},{""name"":""8寸"",""price"":468.0}]}]",夹心口味选择（喜好）：海盐奥利奥（巧克力戚风+奥利奥奶油+一层奥利奥碎和脆珠+一层巧克力脆脆和脆珠夹心、伯牙绝弦夹心（红茶戚风+伯牙绝弦奶油+一层抹茶茉莉慕斯+一层黑巧碧根果）；尺寸（必须）：6寸398元、8寸468元,False,False,,0,1,ok
113996920,3564542699,2oi3vqleiy848vo,https://shop114189088.youzan.com/v2/goods/2oi3vqleiy848vo,粉色贴贴熊小饼干慕斯（装饰需提前准备，下单前请咨询）,emoji小饼干慕斯,198.0,198.0,198.0,"[{""url"":""https://img.yzcdn.cn/upload_files/2024/11/11/FsUZQ0EGYDoHcSluNBFLGW12t2GQ.jpg"",""size"":""828*1104""}]","[{""name"":""口味选择"",""type"":""preference"",""required"":false,""ask_stage"":""confirm"",""options"":[{""name"":""巧克力树莓口味""},{""name"":""开心果树莓口味""}]}]",口味选择（喜好）：巧克力树莓口味、开心果树莓口味,False,False,,12,1,ok
113996920,3564136068,2fqrl3xe5qkm0ut,https://shop114189088.youzan.com/v2/goods/2fqrl3xe5qkm0ut,jellycat造型小饼干慕斯,emoji小饼干慕斯,158.0,158.0,158.0,"[{""url"":""https://img.yzcdn.cn/upload_files/2024/11/11/Fuhd9N2liIJLO-x9Dora96HmJxte.jpg"",""size"":""828*829""}]","[{""name"":""口味"",""type"":""preference"",""required"":false,""ask_stage"":""confirm"",""options"":[{""name"":""巧克力树莓口味""},{""name"":""开心果树莓口味""}]}]",口味（喜好）：巧克力树莓口味、开心果树莓口味,False,False,,28,1,ok
113996920,5828397485,3ni932esp530o3g,https://shop114189088.youzan.com/v2/goods/3ni932esp530o3g,顺风顺水,送男士,178.0,178.0,298.0,"[{""url"":""https://img01.yzcdn.cn/upload_files/2026/05/14/FtuBVhJfW0eyFhAbFT0TBr8IUzFL.jpg"",""size"":""828*1104""}]","[{""name"":""尺寸"",""type"":""price"",""required"":true,""ask_stage"":""confirm"",""options"":[{""name"":""4寸"",""price"":178.0},{""name"":""5寸"",""price"":238.0},{""name"":""6寸"",""price"":298.0}]},{""name"":""夹心选择"",""type"":""preference"",""required"":false,""ask_stage"":""confirm"",""options"":[{""name"":""原味奶油加新鲜水果（默认芒果如有过敏请咨询客服）""},{""name"":""巧克力奶油加新鲜水果（默认芒果如有过敏请咨询客服）""},{""name"":""海盐奥利奥（巧克力戚风+海盐奥利奥奶油+奥利奥碎、巧克力脆脆、巧克力脆珠夹心）""},{""name"":""伯牙绝弦（红茶戚风+伯牙绝弦奶油+一层抹茶茉莉慕斯+一层巧克力碧根果和巧克力脆脆""}]}]",尺寸（必须）：4寸178元、5寸238元、6寸298元；夹心选择（喜好）：原味奶油加新鲜水果（默认芒果如有过敏请咨询客服）、巧克力奶油加新鲜水果（默认芒果如有过敏请咨询客服）、海盐奥利奥（巧克力戚风+海盐奥利奥奶油+奥利奥碎、巧克力脆脆、巧克力脆珠夹心）、伯牙绝弦（红茶戚风+伯牙绝弦奶油+一层抹茶茉莉慕斯+一层巧克力碧根果和巧克力脆脆,False,False,,1,1,ok
113996920,3857547786,3ntbnruk2sqmw8g,https://shop114189088.youzan.com/v2/goods/3ntbnruk2sqmw8g,爱心jellycat小动物（下单前请咨询，配件制作时间较久）,可爱风,268.0,268.0,338.0,"[{""url"":""https://img.yzcdn.cn/upload_files/2025/02/12/FknDx9E3tZBmJUzh9pQeWP1iELNw.jpg"",""size"":""826*827""},{""url"":""https://img.yzcdn.cn/upload_files/2025/02/12/FlaqglnczfVr7CKARYcGpcCvUbAA.jpg"",""size"":""826*827""}]","[{""name"":""尺寸"",""type"":""price"",""required"":true,""ask_stage"":""confirm"",""options"":[{""name"":""5寸"",""price"":268.0},{""name"":""6寸"",""price"":338.0}]},{""name"":""夹心口味选择"",""type"":""preference"",""required"":false,""ask_stage"":""confirm"",""options"":[{""name"":""海盐奥利奥（巧克力戚风+奥利奥奶油+一层奥利奥碎和脆珠+一层巧克力脆脆和脆珠夹心""},{""name"":""伯牙绝弦夹心（红茶戚风+伯牙绝弦奶油+一层抹茶茉莉慕斯+一层黑巧碧根果）""}]}]",尺寸（必须）：5寸268元、6寸338元；夹心口味选择（喜好）：海盐奥利奥（巧克力戚风+奥利奥奶油+一层奥利奥碎和脆珠+一层巧克力脆脆和脆珠夹心、伯牙绝弦夹心（红茶戚风+伯牙绝弦奶油+一层抹茶茉莉慕斯+一层黑巧碧根果）,False,False,,4,1,ok
113996920,3857130162,3ni8k7nx5rap4zv,https://shop114189088.youzan.com/v2/goods/3ni8k7nx5rap4zv,复古裱花kitty,可爱风,268.0,268.0,338.0,"[{""url"":""https://img.yzcdn.cn/upload_files/2025/02/12/FiNEitRJruxsnJurZE3wWVyhdIbW.jpg"",""size"":""826*827""}]","[{""name"":""尺寸"",""type"":""price"",""required"":true,""ask_stage"":""confirm"",""options"":[{""name"":""5寸"",""price"":268.0},{""name"":""6寸"",""price"":338.0}]},{""name"":""夹心口味选择"",""type"":""preference"",""required"":false,""ask_stage"":""confirm"",""options"":[{""name"":""海盐奥利奥（巧克力戚风+奥利奥奶油+一层奥利奥碎和脆珠+一层巧克力脆脆和脆珠夹心""},{""name"":""巧克力奶油加新鲜水果（默认芒果如有过敏请咨询客服）""},{""name"":""原味奶油加新鲜水果（默认芒果如有过敏请咨询客服）""},{""name"":""伯牙绝弦夹心（红茶戚风+伯牙绝弦奶油+一层抹茶茉莉慕斯+一层黑巧碧根果）""}]}]",尺寸（必须）：5寸268元、6寸338元；夹心口味选择（喜好）：海盐奥利奥（巧克力戚风+奥利奥奶油+一层奥利奥碎和脆珠+一层巧克力脆脆和脆珠夹心、巧克力奶油加新鲜水果（默认芒果如有过敏请咨询客服）、原味奶油加新鲜水果（默认芒果如有过敏请咨询客服）、伯牙绝弦夹心（红茶戚风+伯牙绝弦奶油+一层抹茶茉莉慕斯+一层黑巧碧根果）,False,False,,4,1,ok
113996920,3846824225,3eogmcxs43fy01o,https://shop114189088.youzan.com/v2/goods/3eogmcxs43fy01o,微加高复古刮刀花,送女神;重工复古,288.0,288.0,358.0,"[{""url"":""https://img.yzcdn.cn/upload_files/2025/02/06/FjFwTJ745vxTjKUGHzJSate--HSo.jpg"",""size"":""828*829""},{""url"":""https://img.yzcdn.cn/upload_files/2025/02/06/FqcZMr5rj5zqMJDe95gl5debZfSJ.jpg"",""size"":""826*827""},{""url"":""https://img.yzcdn.cn/upload_files/2025/02/06/FrJ06Bwr47qxKz34I3_JELId0hyo.jpg"",""size"":""826*826""}]","[{""name"":""夹心口味选择"",""type"":""preference"",""required"":false,""ask_stage"":""confirm"",""options"":[{""name"":""海盐奥利奥（巧克力戚风+奥利奥奶油+一层奥利奥碎和脆珠+一层巧克力脆脆和脆珠夹心""},{""name"":""巧克力奶油加新鲜水果（默认芒果如有过敏请咨询客服）""},{""name"":""原味奶油加新鲜水果（默认芒果如有过敏请咨询客服）""},{""name"":""伯牙绝弦夹心（红茶戚风+伯牙绝弦奶油+一层抹茶茉莉慕斯+一层黑巧碧根果）""}]},{""name"":""尺寸"",""type"":""price"",""required"":true,""ask_stage"":""confirm"",""options"":[{""name"":""5寸"",""price"":288.0},{""name"":""6寸"",""price"":358.0}]}]",夹心口味选择（喜好）：海盐奥利奥（巧克力戚风+奥利奥奶油+一层奥利奥碎和脆珠+一层巧克力脆脆和脆珠夹心、巧克力奶油加新鲜水果（默认芒果如有过敏请咨询客服）、原味奶油加新鲜水果（默认芒果如有过敏请咨询客服）、伯牙绝弦夹心（红茶戚风+伯牙绝弦奶油+一层抹茶茉莉慕斯+一层黑巧碧根果）；尺寸（必须）：5寸288元、6寸358元,False,False,,2,1,ok
113996920,3045779734,279blmf60yblkyt,https://shop114189088.youzan.com/v2/goods/279blmf60yblkyt,三十鹅立,送男士,228.0,228.0,298.0,"[{""url"":""https://img.yzcdn.cn/upload_files/2023/05/05/FvzoemleKrvsn_iJ175dz6lvtfh_.jpg"",""size"":""830*830""},{""url"":""https://img.yzcdn.cn/upload_files/2023/05/05/FpqIeLauOADrZJCLVQr2sep3hR-E.jpg"",""size"":""826*826""}]","[{""name"":""尺寸"",""type"":""price"",""required"":true,""ask_stage"":""confirm"",""options"":[{""name"":""5寸"",""price"":228.0},{""name"":""6寸"",""price"":298.0}]},{""name"":""夹心口味选择"",""type"":""preference"",""required"":false,""ask_stage"":""confirm"",""options"":[{""name"":""原味奶油加新鲜水果（默认芒果如有过敏请咨询客服）""},{""name"":""巧克力奶油加新鲜水果（默认芒果如有过敏请咨询客服）""},{""name"":""海盐奥利奥（巧克力戚风+奥利奥奶油+一层奥利奥碎和脆珠+一层巧克力脆脆和脆珠夹心""},{""name"":""伯牙绝弦夹心（红茶戚风+伯牙绝弦奶油+一层抹茶茉莉慕斯+一层黑巧碧根果和巧克力脆""}]}]",尺寸（必须）：5寸228元、6寸298元；夹心口味选择（喜好）：原味奶油加新鲜水果（默认芒果如有过敏请咨询客服）、巧克力奶油加新鲜水果（默认芒果如有过敏请咨询客服）、海盐奥利奥（巧克力戚风+奥利奥奶油+一层奥利奥碎和脆珠+一层巧克力脆脆和脆珠夹心、伯牙绝弦夹心（红茶戚风+伯牙绝弦奶油+一层抹茶茉莉慕斯+一层黑巧碧根果和巧克力脆,False,False,,6,3,ok
113996920,3800887546,3ntde3123v56w8e,https://shop114189088.youzan.com/v2/goods/3ntde3123v56w8e,春日玫瑰花园（装饰需提前准备，下单前请咨询）,送女神,288.0,288.0,368.0,"[{""url"":""https://img.yzcdn.cn/upload_files/2024/02/26/Fl6M7uQEzZiJi61_pPxELNkhU3yP.jpg"",""size"":""828*829""}]","[{""name"":""尺寸"",""type"":""price"",""required"":true,""ask_stage"":""confirm"",""options"":[{""name"":""5寸"",""price"":288.0},{""name"":""6寸"",""price"":368.0}]},{""name"":""夹心口味选择"",""type"":""preference"",""required"":false,""ask_stage"":""confirm"",""options"":[{""name"":""原味奶油加新鲜水果（默认芒果如有过敏请咨询客服）""},{""name"":""巧克力奶油加新鲜水果（默认芒果如有过敏请咨询客服）""},{""name"":""海盐奥利奥（巧克力戚风+奥利奥奶油+一层奥利奥碎和脆珠+一层巧克力脆脆和脆珠夹心""},{""name"":""伯牙绝弦夹心（红茶戚风+伯牙绝弦奶油+一层抹茶茉莉慕斯+一层黑巧碧根果和巧克力脆""}]}]",尺寸（必须）：5寸288元、6寸368元；夹心口味选择（喜好）：原味奶油加新鲜水果（默认芒果如有过敏请咨询客服）、巧克力奶油加新鲜水果（默认芒果如有过敏请咨询客服）、海盐奥利奥（巧克力戚风+奥利奥奶油+一层奥利奥碎和脆珠+一层巧克力脆脆和脆珠夹心、伯牙绝弦夹心（红茶戚风+伯牙绝弦奶油+一层抹茶茉莉慕斯+一层黑巧碧根果和巧克力脆,False,False,,5,3,ok
113996920,2892628778,2fwzk453edf3s00,https://shop114189088.youzan.com/v2/goods/2fwzk453edf3s00,复古小动物派对（装饰需提前准备，下单前请咨询）,女宝宝,298.0,298.0,298.0,"[{""url"":""https://img.yzcdn.cn/upload_files/2024/03/14/FmIyQVpZrOLYyI6kqU6XtUnXP5yO.jpg"",""size"":""755*756""}]","[{""name"":""尺寸"",""type"":""price"",""required"":true,""ask_stage"":""confirm"",""options"":[{""name"":""5寸""},{""name"":""6寸""}]},{""name"":""夹心口味选择"",""type"":""preference"",""required"":false,""ask_stage"":""confirm"",""options"":[{""name"":""原味奶油加新鲜水果（默认芒果如有过敏请咨询客服）""},{""name"":""巧克力奶油加新鲜水果（默认芒果如有过敏请咨询客服）""},{""name"":""海盐奥利奥（巧克力戚风+奥利奥奶油+一层奥利奥碎和脆珠+一层巧克力脆脆和脆珠夹心""},{""name"":""伯牙绝弦夹心（红茶戚风+伯牙绝弦奶油+一层抹茶茉莉慕斯+一层黑巧碧根果和巧克力脆""}]}]",尺寸（必须）：5寸、6寸；夹心口味选择（喜好）：原味奶油加新鲜水果（默认芒果如有过敏请咨询客服）、巧克力奶油加新鲜水果（默认芒果如有过敏请咨询客服）、海盐奥利奥（巧克力戚风+奥利奥奶油+一层奥利奥碎和脆珠+一层巧克力脆脆和脆珠夹心、伯牙绝弦夹心（红茶戚风+伯牙绝弦奶油+一层抹茶茉莉慕斯+一层黑巧碧根果和巧克力脆,False,False,,4,3,ok
113996920,3846638395,2fvqoso4jervcet,https://shop114189088.youzan.com/v2/goods/2fvqoso4jervcet,写意茶壶（需提前2天预定，下单前请先咨询),送男士;送长辈,388.0,388.0,498.0,"[{""url"":""https://img.yzcdn.cn/upload_files/2025/02/06/FqmEIRCQgjg6tMsQDFbejslG-YOA.jpg"",""size"":""828*828""}]","[{""name"":""尺寸"",""type"":""price"",""required"":true,""ask_stage"":""confirm"",""options"":[{""name"":""6寸"",""price"":388.0},{""name"":""8寸"",""price"":498.0}]},{""name"":""夹心口味选择"",""type"":""preference"",""required"":false,""ask_stage"":""confirm"",""options"":[{""name"":""海盐奥利奥（巧克力戚风+奥利奥奶油+一层奥利奥碎和脆珠+一层巧克力脆脆和脆珠夹心""},{""name"":""巧克力奶油加新鲜水果（默认芒果如有过敏请咨询客服）""},{""name"":""原味奶油加新鲜水果（默认芒果如有过敏请咨询客服）""},{""name"":""伯牙绝弦夹心（红茶戚风+伯牙绝弦奶油+一层抹茶茉莉慕斯+一层黑巧碧根果）""}]}]",尺寸（必须）：6寸388元、8寸498元；夹心口味选择（喜好）：海盐奥利奥（巧克力戚风+奥利奥奶油+一层奥利奥碎和脆珠+一层巧克力脆脆和脆珠夹心、巧克力奶油加新鲜水果（默认芒果如有过敏请咨询客服）、原味奶油加新鲜水果（默认芒果如有过敏请咨询客服）、伯牙绝弦夹心（红茶戚风+伯牙绝弦奶油+一层抹茶茉莉慕斯+一层黑巧碧根果）,False,False,,1,3,ok
113996920,3846411194,2xed1iuq5vhko4f,https://shop114189088.youzan.com/v2/goods/2xed1iuq5vhko4f,迷你婚礼蛋糕（配件需提前制作，下单前请咨询）,送女神,268.0,268.0,338.0,"[{""url"":""https://img.yzcdn.cn/upload_files/2025/02/06/FmV0BusQ7BnALnn-v-43C3E6q4WW.jpg"",""size"":""832*1108""}]","[{""name"":""尺寸"",""type"":""price"",""required"":true,""ask_stage"":""confirm"",""options"":[{""name"":""5寸"",""price"":268.0},{""name"":""6寸"",""price"":338.0}]},{""name"":""夹心口味选择"",""type"":""preference"",""required"":false,""ask_stage"":""confirm"",""options"":[{""name"":""原味奶油加新鲜水果（默认芒果如有过敏请咨询客服）""},{""name"":""巧克力奶油加新鲜水果（默认芒果如有过敏请咨询客服）""},{""name"":""海盐奥利奥（巧克力戚风+奥利奥奶油+一层奥利奥碎和脆珠+一层巧克力脆脆和脆珠夹心""},{""name"":""伯牙绝弦夹心（红茶戚风+伯牙绝弦奶油+一层抹茶茉莉慕斯+一层黑巧碧根果和巧克力脆""}]}]",尺寸（必须）：5寸268元、6寸338元；夹心口味选择（喜好）：原味奶油加新鲜水果（默认芒果如有过敏请咨询客服）、巧克力奶油加新鲜水果（默认芒果如有过敏请咨询客服）、海盐奥利奥（巧克力戚风+奥利奥奶油+一层奥利奥碎和脆珠+一层巧克力脆脆和脆珠夹心、伯牙绝弦夹心（红茶戚风+伯牙绝弦奶油+一层抹茶茉莉慕斯+一层黑巧碧根果和巧克力脆,False,False,,4,1,ok
113996920,2889341343,2okkx7rubn0wo14,https://shop114189088.youzan.com/v2/goods/2okkx7rubn0wo14,明媚春日花瓣（装饰需提前准备，下单前请咨询）,送女神,258.0,258.0,328.0,"[{""url"":""https://img.yzcdn.cn/upload_files/2024/03/11/FoQ9qwsL3Iee4z-466qpI5Onv6Fr.jpg"",""size"":""740*741""}]","[{""name"":""尺寸"",""type"":""price"",""required"":true,""ask_stage"":""confirm"",""options"":[{""name"":""5寸"",""price"":258.0},{""name"":""6寸"",""price"":328.0}]},{""name"":""夹心口味选择"",""type"":""preference"",""required"":false,""ask_stage"":""confirm"",""options"":[{""name"":""原味奶油加新鲜水果（默认芒果如有过敏请咨询客服）""},{""name"":""巧克力奶油加新鲜水果（默认芒果如有过敏请咨询客服）""},{""name"":""海盐奥利奥（巧克力戚风+奥利奥奶油+一层奥利奥碎和脆珠+一层巧克力脆脆和脆珠夹心""},{""name"":""伯牙绝弦夹心（红茶戚风+伯牙绝弦奶油+一层抹茶茉莉慕斯+一层黑巧碧根果和巧克力脆""}]}]",尺寸（必须）：5寸258元、6寸328元；夹心口味选择（喜好）：原味奶油加新鲜水果（默认芒果如有过敏请咨询客服）、巧克力奶油加新鲜水果（默认芒果如有过敏请咨询客服）、海盐奥利奥（巧克力戚风+奥利奥奶油+一层奥利奥碎和脆珠+一层巧克力脆脆和脆珠夹心、伯牙绝弦夹心（红茶戚风+伯牙绝弦奶油+一层抹茶茉莉慕斯+一层黑巧碧根果和巧克力脆,False,False,,33,3,ok
113996920,2878110719,2fs1hbz6ygxgojy,https://shop114189088.youzan.com/v2/goods/2fs1hbz6ygxgojy,复古裱花蝴蝶结（装饰需提前准备，下单前请咨询）,送女神,268.0,268.0,338.0,"[{""url"":""https://img.yzcdn.cn/upload_files/2024/02/26/Fp44fdqF-r0UNjXATHZl7qiIdeQD.jpg"",""size"":""828*829""}]","[{""name"":""尺寸"",""type"":""price"",""required"":true,""ask_stage"":""confirm"",""options"":[{""name"":""5寸"",""price"":268.0},{""name"":""6寸"",""price"":338.0}]},{""name"":""夹心口味选择"",""type"":""preference"",""required"":false,""ask_stage"":""confirm"",""options"":[{""name"":""原味奶油加新鲜水果（默认芒果如有过敏请咨询客服）""},{""name"":""巧克力奶油加新鲜水果（默认芒果如有过敏请咨询客服）""},{""name"":""海盐奥利奥（巧克力戚风+奥利奥奶油+一层奥利奥碎和脆珠+一层巧克力脆脆和脆珠夹心""},{""name"":""伯牙绝弦夹心（红茶戚风+伯牙绝弦奶油+一层抹茶茉莉慕斯+一层黑巧碧根果和巧克力脆""}]}]",尺寸（必须）：5寸268元、6寸338元；夹心口味选择（喜好）：原味奶油加新鲜水果（默认芒果如有过敏请咨询客服）、巧克力奶油加新鲜水果（默认芒果如有过敏请咨询客服）、海盐奥利奥（巧克力戚风+奥利奥奶油+一层奥利奥碎和脆珠+一层巧克力脆脆和脆珠夹心、伯牙绝弦夹心（红茶戚风+伯牙绝弦奶油+一层抹茶茉莉慕斯+一层黑巧碧根果和巧克力脆,False,False,,3,3,ok
113996920,3846409093,1ye91tlfz7bxkjd,https://shop114189088.youzan.com/v2/goods/1ye91tlfz7bxkjd,绿色裱花,送女神,228.0,228.0,298.0,"[{""url"":""https://img.yzcdn.cn/upload_files/2025/02/06/FvIZIuPa4bB6GOOwyA8ZLD4rXH6a.jpg"",""size"":""826*826""}]","[{""name"":""夹心选择"",""type"":""preference"",""required"":false,""ask_stage"":""confirm"",""options"":[{""name"":""原味奶油加新鲜水果（默认芒果如有过敏请咨询客服）""},{""name"":""巧克力奶油加新鲜水果（默认芒果如有过敏请咨询客服）""},{""name"":""海盐奥利奥（巧克力戚风+海盐奥利奥奶油+奥利奥碎、巧克力脆脆、巧克力脆珠夹心）""},{""name"":""伯牙绝弦（红茶戚风+伯牙绝弦奶油+一层抹茶茉莉慕斯+一层巧克力碧根果和巧克力脆脆""}]},{""name"":""尺寸"",""type"":""price"",""required"":true,""ask_stage"":""confirm"",""options"":[{""name"":""6寸"",""price"":298.0},{""name"":""5寸"",""price"":228.0}]}]",夹心选择（喜好）：原味奶油加新鲜水果（默认芒果如有过敏请咨询客服）、巧克力奶油加新鲜水果（默认芒果如有过敏请咨询客服）、海盐奥利奥（巧克力戚风+海盐奥利奥奶油+奥利奥碎、巧克力脆脆、巧克力脆珠夹心）、伯牙绝弦（红茶戚风+伯牙绝弦奶油+一层抹茶茉莉慕斯+一层巧克力碧根果和巧克力脆脆；尺寸（必须）：6寸298元、5寸228元,False,False,,5,3,ok
113996920,3846818863,1yfi9cg3y0hmg7g,https://shop114189088.youzan.com/v2/goods/1yfi9cg3y0hmg7g,發發發,送男士,228.0,228.0,298.0,"[{""url"":""https://img.yzcdn.cn/upload_files/2025/02/06/Fh8GYW_8vVznpIg_mGn7N2_8O3R3.jpg"",""size"":""826*827""}]","[{""name"":""尺寸"",""type"":""price"",""required"":true,""ask_stage"":""confirm"",""options"":[{""name"":""5寸"",""price"":228.0},{""name"":""6寸"",""price"":298.0}]},{""name"":""夹心口味选择"",""type"":""preference"",""required"":false,""ask_stage"":""confirm"",""options"":[{""name"":""海盐奥利奥（巧克力戚风+奥利奥奶油+一层奥利奥碎和脆珠+一层巧克力脆脆和脆珠夹心""},{""name"":""原味奶油加新鲜水果（默认芒果如有过敏请咨询客服）""},{""name"":""巧克力奶油加新鲜水果（默认芒果如有过敏请咨询客服）""},{""name"":""伯牙绝弦夹心（红茶戚风+伯牙绝弦奶油+一层抹茶茉莉慕斯+一层黑巧碧根果）""}]}]",尺寸（必须）：5寸228元、6寸298元；夹心口味选择（喜好）：海盐奥利奥（巧克力戚风+奥利奥奶油+一层奥利奥碎和脆珠+一层巧克力脆脆和脆珠夹心、原味奶油加新鲜水果（默认芒果如有过敏请咨询客服）、巧克力奶油加新鲜水果（默认芒果如有过敏请咨询客服）、伯牙绝弦夹心（红茶戚风+伯牙绝弦奶油+一层抹茶茉莉慕斯+一层黑巧碧根果）,False,False,,0,3,ok
113996920,3846631788,3f39m17e15vig70,https://shop114189088.youzan.com/v2/goods/3f39m17e15vig70,许愿池（需提前2天预定，下单前请先咨询),送女神,268.0,268.0,338.0,"[{""url"":""https://img.yzcdn.cn/upload_files/2025/02/06/FiwIbeIZGaxCN6Bvzk5b1r41rgHZ.jpg"",""size"":""828*828""}]","[{""name"":""夹心口味选择"",""type"":""preference"",""required"":false,""ask_stage"":""confirm"",""options"":[{""name"":""海盐奥利奥（巧克力戚风+奥利奥奶油+一层奥利奥碎和脆珠+一层巧克力脆脆和脆珠夹心""},{""name"":""巧克力奶油加新鲜水果（默认芒果如有过敏请咨询客服）""},{""name"":""原味奶油加新鲜水果（默认芒果如有过敏请咨询客服）""},{""name"":""伯牙绝弦夹心（红茶戚风+伯牙绝弦奶油+一层抹茶茉莉慕斯+一层黑巧碧根果）""}]},{""name"":""尺寸"",""type"":""price"",""required"":true,""ask_stage"":""confirm"",""options"":[{""name"":""5寸"",""price"":268.0},{""name"":""6寸"",""price"":338.0}]}]",夹心口味选择（喜好）：海盐奥利奥（巧克力戚风+奥利奥奶油+一层奥利奥碎和脆珠+一层巧克力脆脆和脆珠夹心、巧克力奶油加新鲜水果（默认芒果如有过敏请咨询客服）、原味奶油加新鲜水果（默认芒果如有过敏请咨询客服）、伯牙绝弦夹心（红茶戚风+伯牙绝弦奶油+一层抹茶茉莉慕斯+一层黑巧碧根果）；尺寸（必须）：5寸268元、6寸338元,False,False,,2,1,ok
113996920,3643649209,3ex2uq7hi129kq3,https://shop114189088.youzan.com/v2/goods/3ex2uq7hi129kq3,福寿安康（装饰需提前准备，下单前请咨询）,送长辈,318.0,318.0,398.0,"[{""url"":""https://img.yzcdn.cn/upload_files/2024/11/29/Ft47Kt3Vs8hzBiXZQ-_tBqPQMrUt.jpg"",""size"":""746*747""}]","[{""name"":""尺寸"",""type"":""price"",""required"":true,""ask_stage"":""confirm"",""options"":[{""name"":""6寸"",""price"":318.0},{""name"":""8寸"",""price"":398.0}]},{""name"":""夹心选择"",""type"":""preference"",""required"":false,""ask_stage"":""confirm"",""options"":[{""name"":""原味奶油加新鲜水果（默认芒果如有过敏请咨询客服）""},{""name"":""海盐奥利奥（巧克力戚风+海盐奥利奥奶油+奥利奥碎、巧克力脆脆、巧克力脆珠夹心）""},{""name"":""巧克力奶油加新鲜水果（默认芒果如有过敏请咨询客服）""},{""name"":""伯牙绝弦（红茶戚风+伯牙绝弦奶油+一层抹茶茉莉慕斯+一层巧克力碧根果和巧克力脆脆""}]}]",尺寸（必须）：6寸318元、8寸398元；夹心选择（喜好）：原味奶油加新鲜水果（默认芒果如有过敏请咨询客服）、海盐奥利奥（巧克力戚风+海盐奥利奥奶油+奥利奥碎、巧克力脆脆、巧克力脆珠夹心）、巧克力奶油加新鲜水果（默认芒果如有过敏请咨询客服）、伯牙绝弦（红茶戚风+伯牙绝弦奶油+一层抹茶茉莉慕斯+一层巧克力碧根果和巧克力脆脆,False,False,,1,3,ok
113996920,5816977118,2on2ax3yixsdk59,https://shop114189088.youzan.com/v2/goods/2on2ax3yixsdk59,艾莎公主裙,女宝宝,298.0,298.0,368.0,"[{""url"":""https://img.yzcdn.cn/upload_files/2026/05/12/Fja0VN7P-zR4eEuDN0xg3D7CBgrW.jpg"",""size"":""830*1108""}]","[{""name"":""尺寸"",""type"":""price"",""required"":true,""ask_stage"":""confirm"",""options"":[{""name"":""5寸加高"",""price"":298.0},{""name"":""6寸加高"",""price"":368.0}]},{""name"":""夹心选择"",""type"":""preference"",""required"":false,""ask_stage"":""confirm"",""options"":[{""name"":""原味奶油加新鲜水果（默认芒果如有过敏请咨询客服）""},{""name"":""巧克力奶油加新鲜水果（默认芒果如有过敏请咨询客服）""},{""name"":""海盐奥利奥（巧克力戚风+海盐奥利奥奶油+奥利奥碎、巧克力脆脆、巧克力脆珠夹心）""},{""name"":""伯牙绝弦（红茶戚风+伯牙绝弦奶油+一层抹茶茉莉慕斯+一层巧克力碧根果和巧克力脆脆""}]}]",尺寸（必须）：5寸加高298元、6寸加高368元；夹心选择（喜好）：原味奶油加新鲜水果（默认芒果如有过敏请咨询客服）、巧克力奶油加新鲜水果（默认芒果如有过敏请咨询客服）、海盐奥利奥（巧克力戚风+海盐奥利奥奶油+奥利奥碎、巧克力脆脆、巧克力脆珠夹心）、伯牙绝弦（红茶戚风+伯牙绝弦奶油+一层抹茶茉莉慕斯+一层巧克力碧根果和巧克力脆脆,False,False,,0,1,ok
113996920,3845311986,2xeddtpc9wtrczn,https://shop114189088.youzan.com/v2/goods/2xeddtpc9wtrczn,立体篮球脑袋（装饰需提前准备，下单前请咨询）,男宝宝,268.0,268.0,338.0,"[{""url"":""https://img.yzcdn.cn/upload_files/2025/02/04/Fvs0XvQpv5pyb-L-ZRgKsrgLECm9.jpg"",""size"":""826*826""}]","[{""name"":""夹心选择"",""type"":""preference"",""required"":false,""ask_stage"":""confirm"",""options"":[{""name"":""原味奶油加新鲜水果（默认芒果如有过敏请咨询客服）""},{""name"":""海盐奥利奥（巧克力戚风+海盐奥利奥奶油+奥利奥碎、巧克力脆脆、巧克力脆珠夹心）""},{""name"":""巧克力奶油加新鲜水果（默认芒果如有过敏请咨询客服）""},{""name"":""伯牙绝弦（红茶戚风+伯牙绝弦奶油+一层抹茶茉莉慕斯+一层巧克力碧根果和巧克力脆脆""}]},{""name"":""尺寸"",""type"":""price"",""required"":true,""ask_stage"":""confirm"",""options"":[{""name"":""5寸"",""price"":268.0},{""name"":""6寸"",""price"":338.0}]}]",夹心选择（喜好）：原味奶油加新鲜水果（默认芒果如有过敏请咨询客服）、海盐奥利奥（巧克力戚风+海盐奥利奥奶油+奥利奥碎、巧克力脆脆、巧克力脆珠夹心）、巧克力奶油加新鲜水果（默认芒果如有过敏请咨询客服）、伯牙绝弦（红茶戚风+伯牙绝弦奶油+一层抹茶茉莉慕斯+一层巧克力碧根果和巧克力脆脆；尺寸（必须）：5寸268元、6寸338元,False,False,,0,3,ok
113996920,2519704805,2x5s0kc35q76gxm,https://shop114189088.youzan.com/v2/goods/2x5s0kc35q76gxm,茅台祝福语,送男士;送长辈,238.0,238.0,308.0,"[{""url"":""https://img.yzcdn.cn/upload_files/2023/05/08/Fua_4bYcNePxM8_dff3KK8ZyycE7.jpg"",""size"":""828*828""}]","[{""name"":""尺寸"",""type"":""price"",""required"":true,""ask_stage"":""confirm"",""options"":[{""name"":""5寸"",""price"":238.0},{""name"":""6寸"",""price"":308.0}]},{""name"":""夹心口味选择"",""type"":""preference"",""required"":false,""ask_stage"":""confirm"",""options"":[{""name"":""原味奶油加新鲜水果（默认芒果如有过敏请咨询客服）""},{""name"":""巧克力奶油加新鲜水果（默认芒果如有过敏请咨询客服）""},{""name"":""海盐奥利奥（巧克力戚风+奥利奥奶油+一层奥利奥碎和脆珠+一层巧克力脆脆和脆珠夹心""},{""name"":""伯牙绝弦夹心（红茶戚风+伯牙绝弦奶油+一层抹茶茉莉慕斯+一层黑巧碧根果和巧克力脆""}]}]",尺寸（必须）：5寸238元、6寸308元；夹心口味选择（喜好）：原味奶油加新鲜水果（默认芒果如有过敏请咨询客服）、巧克力奶油加新鲜水果（默认芒果如有过敏请咨询客服）、海盐奥利奥（巧克力戚风+奥利奥奶油+一层奥利奥碎和脆珠+一层巧克力脆脆和脆珠夹心、伯牙绝弦夹心（红茶戚风+伯牙绝弦奶油+一层抹茶茉莉慕斯+一层黑巧碧根果和巧克力脆,False,False,,16,3,ok
113996920,3643637931,27d0mk2ssgnmwu0,https://shop114189088.youzan.com/v2/goods/27d0mk2ssgnmwu0,立体墨镜狗（装饰需提前准备，下单前请咨询）,男宝宝;送男士,268.0,268.0,338.0,"[{""url"":""https://img.yzcdn.cn/upload_files/2024/11/29/Fj90IEYhrZGOlTOe-bBC2V29XPn7.jpg"",""size"":""832*833""},{""url"":""https://img.yzcdn.cn/upload_files/2024/11/29/FhQE8eMXBU1c7Tr5RgQIQI6i4ooO.jpg"",""size"":""826*827""}]","[{""name"":""尺寸"",""type"":""price"",""required"":true,""ask_stage"":""confirm"",""options"":[{""name"":""5寸"",""price"":268.0},{""name"":""6寸"",""price"":338.0}]},{""name"":""夹心口味选择"",""type"":""preference"",""required"":false,""ask_stage"":""confirm"",""options"":[{""name"":""原味奶油加新鲜水果（默认芒果如有过敏请咨询客服）""},{""name"":""巧克力奶油加新鲜水果（默认芒果如有过敏请咨询客服）""},{""name"":""海盐奥利奥（巧克力戚风+奥利奥奶油+一层奥利奥碎和脆珠+一层巧克力脆脆和脆珠夹心""},{""name"":""伯牙绝弦夹心（红茶戚风+伯牙绝弦奶油+一层抹茶茉莉慕斯+一层黑巧碧根果和巧克力脆""}]}]",尺寸（必须）：5寸268元、6寸338元；夹心口味选择（喜好）：原味奶油加新鲜水果（默认芒果如有过敏请咨询客服）、巧克力奶油加新鲜水果（默认芒果如有过敏请咨询客服）、海盐奥利奥（巧克力戚风+奥利奥奶油+一层奥利奥碎和脆珠+一层巧克力脆脆和脆珠夹心、伯牙绝弦夹心（红茶戚风+伯牙绝弦奶油+一层抹茶茉莉慕斯+一层黑巧碧根果和巧克力脆,False,False,,9,3,ok
113996920,4985392996,2x70vuzc9syqwyl,https://shop114189088.youzan.com/v2/goods/2x70vuzc9syqwyl,蜡笔小新（下单前请咨询，配件制作时间较久）,男宝宝;可爱风,308.0,308.0,378.0,"[{""url"":""https://img.yzcdn.cn/upload_files/2025/09/12/FjpEqoaap58l6NooN7sPmYz0v1Qd.jpg"",""size"":""751*751""},{""url"":""https://img.yzcdn.cn/upload_files/2025/09/12/FoKCnIcQoZuwF4NvflTPOPyx38mN.jpg"",""size"":""722*722""}]","[{""name"":""尺寸"",""type"":""price"",""required"":true,""ask_stage"":""confirm"",""options"":[{""name"":""5寸"",""price"":308.0},{""name"":""6寸"",""price"":378.0}]},{""name"":""夹心口味选择"",""type"":""preference"",""required"":false,""ask_stage"":""confirm"",""options"":[{""name"":""伯牙绝弦夹心（红茶戚风+伯牙绝弦奶油+一层抹茶茉莉慕斯+一层黑巧碧根果和巧克力脆""},{""name"":""海盐奥利奥（巧克力戚风+奥利奥奶油+一层奥利奥碎和脆珠+一层巧克力脆脆和脆珠夹心""},{""name"":""巧克力奶油加新鲜水果（默认芒果如有过敏请咨询客服）""},{""name"":""原味奶油加新鲜水果（默认芒果如有过敏请咨询客服）""}]}]",尺寸（必须）：5寸308元、6寸378元；夹心口味选择（喜好）：伯牙绝弦夹心（红茶戚风+伯牙绝弦奶油+一层抹茶茉莉慕斯+一层黑巧碧根果和巧克力脆、海盐奥利奥（巧克力戚风+奥利奥奶油+一层奥利奥碎和脆珠+一层巧克力脆脆和脆珠夹心、巧克力奶油加新鲜水果（默认芒果如有过敏请咨询客服）、原味奶油加新鲜水果（默认芒果如有过敏请咨询客服）,False,False,,3,1,ok
113996920,3846508766,1yhz47yn9uasogq,https://shop114189088.youzan.com/v2/goods/1yhz47yn9uasogq,发财,送男士,228.0,228.0,298.0,"[{""url"":""https://img.yzcdn.cn/upload_files/2025/02/06/FgwOE2AsEoUBadTdwBukfxnY4yQz.jpg"",""size"":""826*827""}]","[{""name"":""尺寸"",""type"":""price"",""required"":true,""ask_stage"":""confirm"",""options"":[{""name"":""5寸"",""price"":228.0},{""name"":""6寸"",""price"":298.0}]},{""name"":""夹心口味选择"",""type"":""preference"",""required"":false,""ask_stage"":""confirm"",""options"":[{""name"":""原味奶油加新鲜水果（默认芒果如有过敏请咨询客服）""},{""name"":""巧克力奶油加新鲜水果（默认芒果如有过敏请咨询客服）""},{""name"":""海盐奥利奥（巧克力戚风+奥利奥奶油+一层奥利奥碎和脆珠+一层巧克力脆脆和脆珠夹心""},{""name"":""伯牙绝弦夹心（红茶戚风+伯牙绝弦奶油+一层抹茶茉莉慕斯+一层黑巧碧根果）""}]}]",尺寸（必须）：5寸228元、6寸298元；夹心口味选择（喜好）：原味奶油加新鲜水果（默认芒果如有过敏请咨询客服）、巧克力奶油加新鲜水果（默认芒果如有过敏请咨询客服）、海盐奥利奥（巧克力戚风+奥利奥奶油+一层奥利奥碎和脆珠+一层巧克力脆脆和脆珠夹心、伯牙绝弦夹心（红茶戚风+伯牙绝弦奶油+一层抹茶茉莉慕斯+一层黑巧碧根果）,False,False,,3,3,ok
113996920,3564615829,3eppaxk9vbpbsss,https://shop114189088.youzan.com/v2/goods/3eppaxk9vbpbsss,棕色贴贴熊小饼干慕斯（装饰需提前准备，下单前请咨询）,emoji小饼干慕斯,198.0,198.0,198.0,"[{""url"":""https://img.yzcdn.cn/upload_files/2024/11/11/FoH13MxRwNZ7iVp_PZuXmmhds1vF.jpg"",""size"":""832*1110""}]","[{""name"":""口味选择"",""type"":""preference"",""required"":false,""ask_stage"":""confirm"",""options"":[{""name"":""巧克力树莓口味""},{""name"":""开心果树莓口味""}]}]",口味选择（喜好）：巧克力树莓口味、开心果树莓口味,False,False,,10,1,ok
113996920,3564529719,2xgulgras6ygova,https://shop114189088.youzan.com/v2/goods/2xgulgras6ygova,粉色jellycat小饼干慕斯,emoji小饼干慕斯,168.0,168.0,168.0,"[{""url"":""https://img.yzcdn.cn/upload_files/2024/11/11/FqP69VA7_PoH6843Mbzi_57cnC9I.jpg"",""size"":""824*825""}]","[{""name"":""口味选择"",""type"":""preference"",""required"":false,""ask_stage"":""confirm"",""options"":[{""name"":""巧克力树莓口味""},{""name"":""开心果树莓口味""}]}]",口味选择（喜好）：巧克力树莓口味、开心果树莓口味,False,False,,10,1,ok
113996920,4985481616,3eyc8fs4olok81l,https://shop114189088.youzan.com/v2/goods/3eyc8fs4olok81l,彩色jellycat（蛋糕默认托盘不写字，写字请备注）,女宝宝;送女神;可爱风,238.0,238.0,308.0,"[{""url"":""https://img.yzcdn.cn/upload_files/2025/09/12/Fi631g8EsYGeSiPvg-Wyz2o9vQLi.jpg"",""size"":""738*738""},{""url"":""https://img.yzcdn.cn/upload_files/2025/09/12/FjjAySSy2U1rkYq0zxC3DzMJg1NE.jpg"",""size"":""570*571""}]","[{""name"":""尺寸"",""type"":""price"",""required"":true,""ask_stage"":""confirm"",""options"":[{""name"":""5寸"",""price"":238.0},{""name"":""6寸"",""price"":308.0}]},{""name"":""夹心口味选择"",""type"":""preference"",""required"":false,""ask_stage"":""confirm"",""options"":[{""name"":""伯牙绝弦夹心（红茶戚风+伯牙绝弦奶油+一层抹茶茉莉慕斯+一层黑巧碧根果和巧克力脆""},{""name"":""海盐奥利奥（巧克力戚风+奥利奥奶油+一层奥利奥碎和脆珠+一层巧克力脆脆和脆珠夹心""},{""name"":""巧克力奶油加新鲜水果（默认芒果如有过敏请咨询客服）""},{""name"":""原味奶油加新鲜水果（默认芒果如有过敏请咨询客服）""}]}]",尺寸（必须）：5寸238元、6寸308元；夹心口味选择（喜好）：伯牙绝弦夹心（红茶戚风+伯牙绝弦奶油+一层抹茶茉莉慕斯+一层黑巧碧根果和巧克力脆、海盐奥利奥（巧克力戚风+奥利奥奶油+一层奥利奥碎和脆珠+一层巧克力脆脆和脆珠夹心、巧克力奶油加新鲜水果（默认芒果如有过敏请咨询客服）、原味奶油加新鲜水果（默认芒果如有过敏请咨询客服）,False,False,,5,1,ok
113996920,3857316402,26wyxzu9ps8m046,https://shop114189088.youzan.com/v2/goods/26wyxzu9ps8m046,祝寿寿桃（配件需提前制作，下单前请咨询）,送长辈,248.0,248.0,398.0,"[{""url"":""https://img.yzcdn.cn/upload_files/2025/02/12/FhV_WOpzRnxMQ5lWTyOSWIXnZ0He.jpg"",""size"":""826*826""}]","[{""name"":""尺寸"",""type"":""price"",""required"":true,""ask_stage"":""confirm"",""options"":[{""name"":""5寸"",""price"":248.0},{""name"":""6寸"",""price"":318.0},{""name"":""8寸"",""price"":398.0}]},{""name"":""夹心口味选择"",""type"":""preference"",""required"":false,""ask_stage"":""confirm"",""options"":[{""name"":""海盐奥利奥（巧克力戚风+奥利奥奶油+一层奥利奥碎和脆珠+一层巧克力脆脆和脆珠夹心""},{""name"":""巧克力奶油加新鲜水果（默认芒果如有过敏请咨询客服）""},{""name"":""原味奶油加新鲜水果（默认芒果如有过敏请咨询客服）""},{""name"":""伯牙绝弦夹心（红茶戚风+伯牙绝弦奶油+一层抹茶茉莉慕斯+一层黑巧碧根果）""}]}]",尺寸（必须）：5寸248元、6寸318元、8寸398元；夹心口味选择（喜好）：海盐奥利奥（巧克力戚风+奥利奥奶油+一层奥利奥碎和脆珠+一层巧克力脆脆和脆珠夹心、巧克力奶油加新鲜水果（默认芒果如有过敏请咨询客服）、原味奶油加新鲜水果（默认芒果如有过敏请咨询客服）、伯牙绝弦夹心（红茶戚风+伯牙绝弦奶油+一层抹茶茉莉慕斯+一层黑巧碧根果）,False,False,,1,3,ok
113996920,3846409660,3nh1lz48c5lagis,https://shop114189088.youzan.com/v2/goods/3nh1lz48c5lagis,茅台（装饰需提前准备，下单前请咨询）,送男士,298.0,298.0,368.0,"[{""url"":""https://img.yzcdn.cn/upload_files/2025/02/06/FlRop92nv77G6vw6V6tFpeNBICuM.jpg"",""size"":""824*825""}]","[{""name"":""尺寸"",""type"":""price"",""required"":true,""ask_stage"":""confirm"",""options"":[{""name"":""5寸加高"",""price"":298.0},{""name"":""6寸加高"",""price"":368.0}]},{""name"":""夹心选择"",""type"":""preference"",""required"":false,""ask_stage"":""confirm"",""options"":[{""name"":""原味奶油加新鲜水果（默认芒果如有过敏请咨询客服）""},{""name"":""巧克力奶油加新鲜水果（默认芒果如有过敏请咨询客服）""},{""name"":""海盐奥利奥（巧克力戚风+海盐奥利奥奶油+奥利奥碎、巧克力脆脆、巧克力脆珠夹心）""},{""name"":""伯牙绝弦（红茶戚风+伯牙绝弦奶油+一层抹茶茉莉慕斯+一层巧克力碧根果和巧克力脆脆""}]}]",尺寸（必须）：5寸加高298元、6寸加高368元；夹心选择（喜好）：原味奶油加新鲜水果（默认芒果如有过敏请咨询客服）、巧克力奶油加新鲜水果（默认芒果如有过敏请咨询客服）、海盐奥利奥（巧克力戚风+海盐奥利奥奶油+奥利奥碎、巧克力脆脆、巧克力脆珠夹心）、伯牙绝弦（红茶戚风+伯牙绝弦奶油+一层抹茶茉莉慕斯+一层巧克力碧根果和巧克力脆脆,False,False,,6,3,ok
113996920,3816187986,2ofnd46820160tv,https://shop114189088.youzan.com/v2/goods/2ofnd46820160tv,冰雪爱莎公主（装饰需提前准备，下单前请咨询）,女宝宝,238.0,238.0,308.0,"[{""url"":""https://img.yzcdn.cn/upload_files/2024/03/07/FqySpxokGYR4OiQ2TRIaLkEpQwjV.jpg"",""size"":""746*746""}]","[{""name"":""尺寸"",""type"":""price"",""required"":true,""ask_stage"":""confirm"",""options"":[{""name"":""5寸"",""price"":238.0},{""name"":""6寸"",""price"":308.0}]},{""name"":""夹心口味选择"",""type"":""preference"",""required"":false,""ask_stage"":""confirm"",""options"":[{""name"":""原味奶油加新鲜水果（默认芒果如有过敏请咨询客服）""},{""name"":""巧克力奶油加新鲜水果（默认芒果如有过敏请咨询客服）""},{""name"":""海盐奥利奥（巧克力戚风+奥利奥奶油+一层奥利奥碎和脆珠+一层巧克力脆脆和脆珠夹心""},{""name"":""伯牙绝弦夹心（红茶戚风+伯牙绝弦奶油+一层抹茶茉莉慕斯+一层黑巧碧根果和巧克力脆""}]}]",尺寸（必须）：5寸238元、6寸308元；夹心口味选择（喜好）：原味奶油加新鲜水果（默认芒果如有过敏请咨询客服）、巧克力奶油加新鲜水果（默认芒果如有过敏请咨询客服）、海盐奥利奥（巧克力戚风+奥利奥奶油+一层奥利奥碎和脆珠+一层巧克力脆脆和脆珠夹心、伯牙绝弦夹心（红茶戚风+伯牙绝弦奶油+一层抹茶茉莉慕斯+一层黑巧碧根果和巧克力脆,False,False,,4,3,ok
113996920,2213541208,2ogwqxamlziy02n,https://shop114189088.youzan.com/v2/goods/2ogwqxamlziy02n,ins笑脸水果风,送女神;可爱风,228.0,228.0,298.0,"[{""url"":""https://img.yzcdn.cn/upload_files/2022/11/08/FsJfhA3YhWp4VQnSb4BKMEzgECfW.jpg"",""size"":""1280*1280""}]","[{""name"":""尺寸"",""type"":""price"",""required"":true,""ask_stage"":""confirm"",""options"":[{""name"":""5寸"",""price"":228.0},{""name"":""6寸"",""price"":298.0}]},{""name"":""夹心口味选择"",""type"":""preference"",""required"":false,""ask_stage"":""confirm"",""options"":[{""name"":""原味奶油加新鲜水果（默认芒果如有过敏请咨询客服）""},{""name"":""巧克力奶油加新鲜水果（默认芒果如有过敏请咨询客服）""},{""name"":""海盐奥利奥（巧克力戚风+奥利奥奶油+一层奥利奥碎和脆珠+一层巧克力脆脆和脆珠夹心""},{""name"":""伯牙绝弦夹心（红茶戚风+伯牙绝弦奶油+一层抹茶茉莉慕斯+一层黑巧碧根果和巧克力脆""}]}]",尺寸（必须）：5寸228元、6寸298元；夹心口味选择（喜好）：原味奶油加新鲜水果（默认芒果如有过敏请咨询客服）、巧克力奶油加新鲜水果（默认芒果如有过敏请咨询客服）、海盐奥利奥（巧克力戚风+奥利奥奶油+一层奥利奥碎和脆珠+一层巧克力脆脆和脆珠夹心、伯牙绝弦夹心（红茶戚风+伯牙绝弦奶油+一层抹茶茉莉慕斯+一层黑巧碧根果和巧克力脆,False,False,,11,3,ok
113996920,3845300979,36d5bckbonwfcij,https://shop114189088.youzan.com/v2/goods/36d5bckbonwfcij,乐高警车蛋糕（需提前2天预定，下单前请先咨询),男宝宝,358.0,358.0,358.0,"[{""url"":""https://img.yzcdn.cn/upload_files/2025/02/04/FhnhCvsBzXYl4IWen5B8dA-dh0Ua.jpg"",""size"":""826*827""}]","[{""name"":""尺寸"",""type"":""price"",""required"":false,""ask_stage"":""never"",""options"":[{""name"":""6寸"",""price"":358.0}]},{""name"":""夹心选择"",""type"":""preference"",""required"":false,""ask_stage"":""confirm"",""options"":[{""name"":""原味奶油加新鲜水果（默认芒果如有过敏请咨询客服）""},{""name"":""海盐奥利奥（巧克力戚风+海盐奥利奥奶油+奥利奥碎、巧克力脆脆、巧克力脆珠夹心）""},{""name"":""巧克力奶油加新鲜水果（默认芒果如有过敏请咨询客服）""},{""name"":""伯牙绝弦（红茶戚风+伯牙绝弦奶油+一层抹茶茉莉慕斯+一层巧克力碧根果和巧克力脆脆""}]}]",尺寸（必须）：6寸358元；夹心选择（喜好）：原味奶油加新鲜水果（默认芒果如有过敏请咨询客服）、海盐奥利奥（巧克力戚风+海盐奥利奥奶油+奥利奥碎、巧克力脆脆、巧克力脆珠夹心）、巧克力奶油加新鲜水果（默认芒果如有过敏请咨询客服）、伯牙绝弦（红茶戚风+伯牙绝弦奶油+一层抹茶茉莉慕斯+一层巧克力碧根果和巧克力脆脆,False,False,,3,3,ok
113996920,3874290059,26ujms373kusovy,https://shop114189088.youzan.com/v2/goods/26ujms373kusovy,缤纷小汽车（装饰需提前准备，下单前请咨询）,男宝宝,298.0,298.0,298.0,"[{""url"":""https://img.yzcdn.cn/upload_files/2024/03/21/Fq9lK0ALdBxK751d4KxSkuBt1aki.jpg"",""size"":""640*641""}]","[{""name"":""尺寸"",""type"":""price"",""required"":false,""ask_stage"":""never"",""options"":[{""name"":""6寸"",""price"":298.0}]},{""name"":""夹心口味选择"",""type"":""preference"",""required"":false,""ask_stage"":""confirm"",""options"":[{""name"":""原味奶油加新鲜水果（默认芒果如有过敏请咨询客服）""},{""name"":""巧克力奶油加新鲜水果（默认芒果如有过敏请咨询客服）""},{""name"":""海盐奥利奥（巧克力戚风+奥利奥奶油+一层奥利奥碎和脆珠+一层巧克力脆脆和脆珠夹心""},{""name"":""伯牙绝弦夹心（红茶戚风+伯牙绝弦奶油+一层抹茶茉莉慕斯+一层黑巧碧根果和巧克力脆""}]}]",尺寸（必须）：6寸298元；夹心口味选择（喜好）：原味奶油加新鲜水果（默认芒果如有过敏请咨询客服）、巧克力奶油加新鲜水果（默认芒果如有过敏请咨询客服）、海盐奥利奥（巧克力戚风+奥利奥奶油+一层奥利奥碎和脆珠+一层巧克力脆脆和脆珠夹心、伯牙绝弦夹心（红茶戚风+伯牙绝弦奶油+一层抹茶茉莉慕斯+一层黑巧碧根果和巧克力脆,False,False,,2,3,ok
113996920,2915340410,1y36n3y6yrgqgxm,https://shop114189088.youzan.com/v2/goods/1y36n3y6yrgqgxm,汽车总动员（装饰需提前准备，下单前请咨询）,男宝宝,298.0,298.0,298.0,"[{""url"":""https://img.yzcdn.cn/upload_files/2024/03/21/FpQnCf_FRxGfVdCDadrDNluZd1lw.jpg"",""size"":""635*634""}]","[{""name"":""尺寸"",""type"":""price"",""required"":false,""ask_stage"":""never"",""options"":[{""name"":""6寸"",""price"":298.0}]},{""name"":""夹心口味选择"",""type"":""preference"",""required"":false,""ask_stage"":""confirm"",""options"":[{""name"":""原味奶油加新鲜水果（默认芒果如有过敏请咨询客服）""},{""name"":""巧克力奶油加新鲜水果（默认芒果如有过敏请咨询客服）""},{""name"":""海盐奥利奥（巧克力戚风+奥利奥奶油+一层奥利奥碎和脆珠+一层巧克力脆脆和脆珠夹心""},{""name"":""伯牙绝弦夹心（红茶戚风+伯牙绝弦奶油+一层抹茶茉莉慕斯+一层黑巧碧根果和巧克力脆""}]}]",尺寸（必须）：6寸298元；夹心口味选择（喜好）：原味奶油加新鲜水果（默认芒果如有过敏请咨询客服）、巧克力奶油加新鲜水果（默认芒果如有过敏请咨询客服）、海盐奥利奥（巧克力戚风+奥利奥奶油+一层奥利奥碎和脆珠+一层巧克力脆脆和脆珠夹心、伯牙绝弦夹心（红茶戚风+伯牙绝弦奶油+一层抹茶茉莉慕斯+一层黑巧碧根果和巧克力脆,False,False,,1,3,ok
113996920,5828476999,279cghiox80yw8d,https://shop114189088.youzan.com/v2/goods/279cghiox80yw8d,蜡烛jelly,可爱风,168.0,168.0,308.0,"[{""url"":""https://img01.yzcdn.cn/upload_files/2026/05/14/Fqvdul1unZvt-186SYj1SRs-u0Sv.jpg"",""size"":""828*1106""}]","[{""name"":""尺寸"",""type"":""price"",""required"":true,""ask_stage"":""confirm"",""options"":[{""name"":""4寸"",""price"":168.0},{""name"":""5寸"",""price"":238.0},{""name"":""6寸"",""price"":308.0}]},{""name"":""夹心选择"",""type"":""preference"",""required"":false,""ask_stage"":""confirm"",""options"":[{""name"":""原味奶油加新鲜水果（默认芒果如有过敏请咨询客服）""},{""name"":""巧克力奶油加新鲜水果（默认芒果如有过敏请咨询客服）""},{""name"":""海盐奥利奥（巧克力戚风+海盐奥利奥奶油+奥利奥碎、巧克力脆脆、巧克力脆珠夹心）""},{""name"":""伯牙绝弦（红茶戚风+伯牙绝弦奶油+一层抹茶茉莉慕斯+一层巧克力碧根果和巧克力脆脆""}]}]",尺寸（必须）：4寸168元、5寸238元、6寸308元；夹心选择（喜好）：原味奶油加新鲜水果（默认芒果如有过敏请咨询客服）、巧克力奶油加新鲜水果（默认芒果如有过敏请咨询客服）、海盐奥利奥（巧克力戚风+海盐奥利奥奶油+奥利奥碎、巧克力脆脆、巧克力脆珠夹心）、伯牙绝弦（红茶戚风+伯牙绝弦奶油+一层抹茶茉莉慕斯+一层巧克力碧根果和巧克力脆脆,False,False,,0,1,ok
113996920,4715513698,2g34r79nrugt4jx,https://shop114189088.youzan.com/v2/goods/2g34r79nrugt4jx,小猪佩奇（工艺复杂需要提前预定哦）,女宝宝,298.0,298.0,468.0,"[{""url"":""https://img.yzcdn.cn/upload_files/2026/05/12/FmxOXsYAV1lflDB70j710JyzrmiY.jpg"",""size"":""830*1108""},{""url"":""https://img.yzcdn.cn/upload_files/2026/05/12/Fs8DJSca38kihUY1PRCfj8z3OaH1.jpg"",""size"":""832*1110""}]","[{""name"":""尺寸"",""type"":""price"",""required"":true,""ask_stage"":""confirm"",""options"":[{""name"":""5寸"",""price"":298.0},{""name"":""6寸"",""price"":368.0},{""name"":""8寸（需提前1天下午4点前预定）"",""price"":468.0}]},{""name"":""夹心选择"",""type"":""preference"",""required"":false,""ask_stage"":""confirm"",""options"":[{""name"":""原味奶油加新鲜水果（默认芒果如有过敏请咨询客服）""},{""name"":""巧克力奶油加新鲜水果（默认芒果如有过敏请咨询客服）""},{""name"":""海盐奥利奥（巧克力戚风+海盐奥利奥奶油+奥利奥碎、巧克力脆脆、巧克力脆珠夹心）""},{""name"":""伯牙绝弦（红茶戚风+伯牙绝弦奶油+一层抹茶茉莉慕斯+一层巧克力碧根果和巧克力脆脆""}]}]",尺寸（必须）：5寸298元、6寸368元、8寸（需提前1天下午4点前预定）468元；夹心选择（喜好）：原味奶油加新鲜水果（默认芒果如有过敏请咨询客服）、巧克力奶油加新鲜水果（默认芒果如有过敏请咨询客服）、海盐奥利奥（巧克力戚风+海盐奥利奥奶油+奥利奥碎、巧克力脆脆、巧克力脆珠夹心）、伯牙绝弦（红茶戚风+伯牙绝弦奶油+一层抹茶茉莉慕斯+一层巧克力碧根果和巧克力脆脆,False,False,,0,1,ok
113996920,3874294891,3ngzp379car2g4s,https://shop114189088.youzan.com/v2/goods/3ngzp379car2g4s,汪汪队（装饰需提前准备，下单前请咨询）,男宝宝,238.0,238.0,298.0,"[{""url"":""https://img.yzcdn.cn/upload_files/2024/03/21/FvZdyKoVwaRp8RHh6jEiPP5hBiii.jpg"",""size"":""671*671""}]","[{""name"":""尺寸"",""type"":""price"",""required"":true,""ask_stage"":""confirm"",""options"":[{""name"":""5寸"",""price"":238.0},{""name"":""6寸"",""price"":298.0}]},{""name"":""夹心口味选择"",""type"":""preference"",""required"":false,""ask_stage"":""confirm"",""options"":[{""name"":""原味奶油加新鲜水果（默认芒果如有过敏请咨询客服）""},{""name"":""巧克力奶油加新鲜水果（默认芒果如有过敏请咨询客服）""},{""name"":""海盐奥利奥（巧克力戚风+奥利奥奶油+一层奥利奥碎和脆珠+一层巧克力脆脆和脆珠夹心""},{""name"":""伯牙绝弦夹心（红茶戚风+伯牙绝弦奶油+一层抹茶茉莉慕斯+一层黑巧碧根果和巧克力脆""}]}]",尺寸（必须）：5寸238元、6寸298元；夹心口味选择（喜好）：原味奶油加新鲜水果（默认芒果如有过敏请咨询客服）、巧克力奶油加新鲜水果（默认芒果如有过敏请咨询客服）、海盐奥利奥（巧克力戚风+奥利奥奶油+一层奥利奥碎和脆珠+一层巧克力脆脆和脆珠夹心、伯牙绝弦夹心（红茶戚风+伯牙绝弦奶油+一层抹茶茉莉慕斯+一层黑巧碧根果和巧克力脆,False,False,,8,3,ok
113996920,3857329702,2g0miifjyw6lkxw,https://shop114189088.youzan.com/v2/goods/2g0miifjyw6lkxw,寿桃奶奶（配件需提前制作，下单前请咨询）,送长辈,248.0,248.0,398.0,"[{""url"":""https://img.yzcdn.cn/upload_files/2025/02/12/FhJk8qD5S1x9HSSiO8yPICrfMVUK.jpg"",""size"":""834*835""}]","[{""name"":""尺寸"",""type"":""price"",""required"":true,""ask_stage"":""confirm"",""options"":[{""name"":""5寸"",""price"":248.0},{""name"":""6寸"",""price"":318.0},{""name"":""8寸"",""price"":398.0}]},{""name"":""夹心口味选择"",""type"":""preference"",""required"":false,""ask_stage"":""confirm"",""options"":[{""name"":""海盐奥利奥（巧克力戚风+奥利奥奶油+一层奥利奥碎和脆珠+一层巧克力脆脆和脆珠夹心""},{""name"":""巧克力奶油加新鲜水果（默认芒果如有过敏请咨询客服）""},{""name"":""原味奶油加新鲜水果（默认芒果如有过敏请咨询客服）""},{""name"":""伯牙绝弦夹心（红茶戚风+伯牙绝弦奶油+一层抹茶茉莉慕斯+一层黑巧碧根果和巧克力脆""}]}]",尺寸（必须）：5寸248元、6寸318元、8寸398元；夹心口味选择（喜好）：海盐奥利奥（巧克力戚风+奥利奥奶油+一层奥利奥碎和脆珠+一层巧克力脆脆和脆珠夹心、巧克力奶油加新鲜水果（默认芒果如有过敏请咨询客服）、原味奶油加新鲜水果（默认芒果如有过敏请咨询客服）、伯牙绝弦夹心（红茶戚风+伯牙绝弦奶油+一层抹茶茉莉慕斯+一层黑巧碧根果和巧克力脆,False,False,,4,3,ok
113996920,3845320830,26ukhzf7m011482,https://shop114189088.youzan.com/v2/goods/26ukhzf7m011482,艾莎&雪宝（需提前2天预定，下单前请先咨询),女宝宝,238.0,238.0,308.0,"[{""url"":""https://img.yzcdn.cn/upload_files/2025/02/04/FrKklgC96JTZVL3qE6aSVryDyZaJ.jpg"",""size"":""828*829""}]","[{""name"":""尺寸"",""type"":""price"",""required"":true,""ask_stage"":""confirm"",""options"":[{""name"":""5寸"",""price"":238.0},{""name"":""6寸"",""price"":308.0}]},{""name"":""夹心选择"",""type"":""preference"",""required"":false,""ask_stage"":""confirm"",""options"":[{""name"":""原味奶油加新鲜水果（默认芒果如有过敏请咨询客服）""},{""name"":""巧克力奶油加新鲜水果（默认芒果如有过敏请咨询客服）""},{""name"":""海盐奥利奥（巧克力戚风+海盐奥利奥奶油+奥利奥碎、巧克力脆脆、巧克力脆珠夹心）""},{""name"":""伯牙绝弦（红茶戚风+伯牙绝弦奶油+一层抹茶茉莉慕斯+一层巧克力碧根果和巧克力脆脆""}]}]",尺寸（必须）：5寸238元、6寸308元；夹心选择（喜好）：原味奶油加新鲜水果（默认芒果如有过敏请咨询客服）、巧克力奶油加新鲜水果（默认芒果如有过敏请咨询客服）、海盐奥利奥（巧克力戚风+海盐奥利奥奶油+奥利奥碎、巧克力脆脆、巧克力脆珠夹心）、伯牙绝弦（红茶戚风+伯牙绝弦奶油+一层抹茶茉莉慕斯+一层巧克力碧根果和巧克力脆脆,False,False,,3,3,ok
113996920,2915338681,3nn7oag4z7qx433,https://shop114189088.youzan.com/v2/goods/3nn7oag4z7qx433,汪汪队（装饰需提前准备，下单前请咨询）,男宝宝,298.0,298.0,298.0,"[{""url"":""https://img.yzcdn.cn/upload_files/2024/03/21/Fus7TAIPgplWAsB99atLhb-_qpVh.jpg"",""size"":""647*646""}]","[{""name"":""尺寸"",""type"":""price"",""required"":false,""ask_stage"":""never"",""options"":[{""name"":""6寸"",""price"":298.0}]},{""name"":""夹心口味选择"",""type"":""preference"",""required"":false,""ask_stage"":""confirm"",""options"":[{""name"":""原味奶油加新鲜水果（默认芒果如有过敏请咨询客服）""},{""name"":""巧克力奶油加新鲜水果（默认芒果如有过敏请咨询客服）""},{""name"":""海盐奥利奥（巧克力戚风+奥利奥奶油+一层奥利奥碎和脆珠+一层巧克力脆脆和脆珠夹心""},{""name"":""伯牙绝弦夹心（红茶戚风+伯牙绝弦奶油+一层抹茶茉莉慕斯+一层黑巧碧根果和巧克力脆""}]}]",尺寸（必须）：6寸298元；夹心口味选择（喜好）：原味奶油加新鲜水果（默认芒果如有过敏请咨询客服）、巧克力奶油加新鲜水果（默认芒果如有过敏请咨询客服）、海盐奥利奥（巧克力戚风+奥利奥奶油+一层奥利奥碎和脆珠+一层巧克力脆脆和脆珠夹心、伯牙绝弦夹心（红茶戚风+伯牙绝弦奶油+一层抹茶茉莉慕斯+一层黑巧碧根果和巧克力脆,False,False,,0,3,ok
113996920,4721737230,1ygpqqazfc0a0ln,https://shop114189088.youzan.com/v2/goods/1ygpqqazfc0a0ln,双胞胎jelly（托盘写字请备注哦）,可爱风,358.0,358.0,358.0,"[{""url"":""https://img01.yzcdn.cn/upload_files/2026/05/14/FsJqXamA_4zrcR17NWdhO3ccQq94.jpg"",""size"":""824*1098""}]","[{""name"":""尺寸"",""type"":""price"",""required"":false,""ask_stage"":""never"",""options"":[{""name"":""两个4寸"",""price"":358.0}]},{""name"":""夹心选择"",""type"":""preference"",""required"":false,""ask_stage"":""confirm"",""options"":[{""name"":""原味奶油加新鲜水果（默认芒果如有过敏请咨询客服）""},{""name"":""巧克力奶油加新鲜水果（默认芒果如有过敏请咨询客服）""},{""name"":""海盐奥利奥（巧克力戚风+海盐奥利奥奶油+奥利奥碎、巧克力脆脆、巧克力脆珠夹心）""},{""name"":""伯牙绝弦（红茶戚风+伯牙绝弦奶油+一层抹茶茉莉慕斯+一层巧克力碧根果和巧克力脆脆""}]}]",尺寸（必须）：两个4寸358元；夹心选择（喜好）：原味奶油加新鲜水果（默认芒果如有过敏请咨询客服）、巧克力奶油加新鲜水果（默认芒果如有过敏请咨询客服）、海盐奥利奥（巧克力戚风+海盐奥利奥奶油+奥利奥碎、巧克力脆脆、巧克力脆珠夹心）、伯牙绝弦（红茶戚风+伯牙绝弦奶油+一层抹茶茉莉慕斯+一层巧克力碧根果和巧克力脆脆,False,False,,0,1,ok
113996920,3846411859,3nh1fnznmolxk21,https://shop114189088.youzan.com/v2/goods/3nh1fnznmolxk21,哈利波特（需提前2天预定，下单前请先咨询),送男士,258.0,258.0,328.0,"[{""url"":""https://img.yzcdn.cn/upload_files/2025/02/06/Fq4NFMruZBrQdri_ylEkqNCbc1ae.jpg"",""size"":""828*829""}]","[{""name"":""尺寸"",""type"":""price"",""required"":true,""ask_stage"":""confirm"",""options"":[{""name"":""5寸"",""price"":258.0},{""name"":""6寸"",""price"":328.0}]},{""name"":""夹心选择"",""type"":""preference"",""required"":false,""ask_stage"":""confirm"",""options"":[{""name"":""原味奶油加新鲜水果（默认芒果如有过敏请咨询客服）""},{""name"":""巧克力奶油加新鲜水果（默认芒果如有过敏请咨询客服）""},{""name"":""海盐奥利奥（巧克力戚风+海盐奥利奥奶油+奥利奥碎、巧克力脆脆、巧克力脆珠夹心）""},{""name"":""伯牙绝弦（红茶戚风+伯牙绝弦奶油+一层抹茶茉莉慕斯+一层巧克力碧根果和巧克力脆脆""}]}]",尺寸（必须）：5寸258元、6寸328元；夹心选择（喜好）：原味奶油加新鲜水果（默认芒果如有过敏请咨询客服）、巧克力奶油加新鲜水果（默认芒果如有过敏请咨询客服）、海盐奥利奥（巧克力戚风+海盐奥利奥奶油+奥利奥碎、巧克力脆脆、巧克力脆珠夹心）、伯牙绝弦（红茶戚风+伯牙绝弦奶油+一层抹茶茉莉慕斯+一层巧克力碧根果和巧克力脆脆,False,False,,1,3,ok
113996920,3845309993,36d4memz75gs8g9,https://shop114189088.youzan.com/v2/goods/36d4memz75gs8g9,小马宝莉（需提前2天预定，下单前请先咨询),女宝宝,258.0,258.0,328.0,"[{""url"":""https://img.yzcdn.cn/upload_files/2025/02/04/Fpl5s3ydvVylaZyd411Z881XJ3li.jpg"",""size"":""832*1108""}]","[{""name"":""尺寸"",""type"":""price"",""required"":true,""ask_stage"":""confirm"",""options"":[{""name"":""5寸"",""price"":258.0},{""name"":""6寸"",""price"":328.0}]},{""name"":""夹心选择"",""type"":""preference"",""required"":false,""ask_stage"":""confirm"",""options"":[{""name"":""原味奶油加新鲜水果（默认芒果如有过敏请咨询客服）""},{""name"":""巧克力奶油加新鲜水果（默认芒果如有过敏请咨询客服）""},{""name"":""海盐奥利奥（巧克力戚风+海盐奥利奥奶油+奥利奥碎、巧克力脆脆、巧克力脆珠夹心）""},{""name"":""伯牙绝弦（红茶戚风+伯牙绝弦奶油+一层抹茶茉莉慕斯+一层巧克力碧根果和巧克力脆脆""}]}]",尺寸（必须）：5寸258元、6寸328元；夹心选择（喜好）：原味奶油加新鲜水果（默认芒果如有过敏请咨询客服）、巧克力奶油加新鲜水果（默认芒果如有过敏请咨询客服）、海盐奥利奥（巧克力戚风+海盐奥利奥奶油+奥利奥碎、巧克力脆脆、巧克力脆珠夹心）、伯牙绝弦（红茶戚风+伯牙绝弦奶油+一层抹茶茉莉慕斯+一层巧克力碧根果和巧克力脆脆,False,False,,3,3,ok
113996920,3857548873,2x5ri1ubcgi1kgo,https://shop114189088.youzan.com/v2/goods/2x5ri1ubcgi1kgo,国风刺绣旗袍（微加高）,送长辈,328.0,328.0,388.0,"[{""url"":""https://img.yzcdn.cn/upload_files/2025/02/12/FpyS-GEJUOkBP476UMRuCNIJ_pU9.jpg"",""size"":""826*827""}]","[{""name"":""尺寸"",""type"":""price"",""required"":true,""ask_stage"":""confirm"",""options"":[{""name"":""5寸"",""price"":328.0},{""name"":""6寸"",""price"":388.0}]},{""name"":""夹心口味选择"",""type"":""preference"",""required"":false,""ask_stage"":""confirm"",""options"":[{""name"":""海盐奥利奥（巧克力戚风+奥利奥奶油+一层奥利奥碎和脆珠+一层巧克力脆脆和脆珠夹心""},{""name"":""巧克力奶油加新鲜水果（默认芒果如有过敏请咨询客服）""},{""name"":""原味奶油加新鲜水果（默认芒果如有过敏请咨询客服）""},{""name"":""伯牙绝弦夹心（红茶戚风+伯牙绝弦奶油+一层抹茶茉莉慕斯+一层黑巧碧根果和巧克力脆""}]}]",尺寸（必须）：5寸328元、6寸388元；夹心口味选择（喜好）：海盐奥利奥（巧克力戚风+奥利奥奶油+一层奥利奥碎和脆珠+一层巧克力脆脆和脆珠夹心、巧克力奶油加新鲜水果（默认芒果如有过敏请咨询客服）、原味奶油加新鲜水果（默认芒果如有过敏请咨询客服）、伯牙绝弦夹心（红茶戚风+伯牙绝弦奶油+一层抹茶茉莉慕斯+一层黑巧碧根果和巧克力脆,False,False,,1,3,ok
113996920,3846635733,26x0ufydiznege1,https://shop114189088.youzan.com/v2/goods/26x0ufydiznege1,锦鲤风生水起（配件需提前制作，下单前请咨询）,送男士,258.0,258.0,328.0,"[{""url"":""https://img.yzcdn.cn/upload_files/2025/02/06/FmJgToH3cuQt8ZiIs5UbtrT54dea.jpg"",""size"":""830*1106""}]","[{""name"":""尺寸"",""type"":""price"",""required"":true,""ask_stage"":""confirm"",""options"":[{""name"":""5寸"",""price"":258.0},{""name"":""6寸"",""price"":328.0}]},{""name"":""夹心口味选择"",""type"":""preference"",""required"":false,""ask_stage"":""confirm"",""options"":[{""name"":""海盐奥利奥（巧克力戚风+奥利奥奶油+一层奥利奥碎和脆珠+一层巧克力脆脆和脆珠夹心""},{""name"":""巧克力奶油加新鲜水果（默认芒果如有过敏请咨询客服）""},{""name"":""原味奶油加新鲜水果（默认芒果如有过敏请咨询客服）""},{""name"":""伯牙绝弦夹心（红茶戚风+伯牙绝弦奶油+一层抹茶茉莉慕斯+一层黑巧碧根果）""}]}]",尺寸（必须）：5寸258元、6寸328元；夹心口味选择（喜好）：海盐奥利奥（巧克力戚风+奥利奥奶油+一层奥利奥碎和脆珠+一层巧克力脆脆和脆珠夹心、巧克力奶油加新鲜水果（默认芒果如有过敏请咨询客服）、原味奶油加新鲜水果（默认芒果如有过敏请咨询客服）、伯牙绝弦夹心（红茶戚风+伯牙绝弦奶油+一层抹茶茉莉慕斯+一层黑巧碧根果）,False,False,,1,3,ok
113996920,3846512320,275mwudhe2kso3c,https://shop114189088.youzan.com/v2/goods/275mwudhe2kso3c,风生水起（微加高）,送男士,278.0,278.0,348.0,"[{""url"":""https://img.yzcdn.cn/upload_files/2025/02/06/Fn8IqpfmQre9kf-h4aReBiRkHKt1.jpg"",""size"":""832*833""}]","[{""name"":""尺寸"",""type"":""price"",""required"":true,""ask_stage"":""confirm"",""options"":[{""name"":""5寸"",""price"":278.0},{""name"":""6寸"",""price"":348.0}]},{""name"":""夹心口味选择"",""type"":""preference"",""required"":false,""ask_stage"":""confirm"",""options"":[{""name"":""原味奶油加新鲜水果（默认芒果如有过敏请咨询客服）""},{""name"":""巧克力奶油加新鲜水果（默认芒果如有过敏请咨询客服）""},{""name"":""海盐奥利奥（巧克力戚风+奥利奥奶油+一层奥利奥碎和脆珠+一层巧克力脆脆和脆珠夹心""},{""name"":""伯牙绝弦夹心（红茶戚风+伯牙绝弦奶油+一层抹茶茉莉慕斯+一层黑巧碧根果）""}]}]",尺寸（必须）：5寸278元、6寸348元；夹心口味选择（喜好）：原味奶油加新鲜水果（默认芒果如有过敏请咨询客服）、巧克力奶油加新鲜水果（默认芒果如有过敏请咨询客服）、海盐奥利奥（巧克力戚风+奥利奥奶油+一层奥利奥碎和脆珠+一层巧克力脆脆和脆珠夹心、伯牙绝弦夹心（红茶戚风+伯牙绝弦奶油+一层抹茶茉莉慕斯+一层黑巧碧根果）,False,False,,1,3,ok
113996920,3805581279,1ylpd6938dps8uj,https://shop114189088.youzan.com/v2/goods/1ylpd6938dps8uj,粉色系祝寿（装饰需提前准备，下单前请咨询）,送长辈,318.0,318.0,318.0,"[{""url"":""https://img.yzcdn.cn/upload_files/2024/02/28/FgddeT1RtqvK8Kiqs1MP2n15cTv_.jpg"",""size"":""773*774""}]","[{""name"":""尺寸"",""type"":""price"",""required"":false,""ask_stage"":""never"",""options"":[{""name"":""6寸"",""price"":318.0}]},{""name"":""夹心口味选择"",""type"":""preference"",""required"":false,""ask_stage"":""confirm"",""options"":[{""name"":""原味奶油加新鲜水果（默认芒果如有过敏请咨询客服）""},{""name"":""巧克力奶油加新鲜水果（默认芒果如有过敏请咨询客服）""},{""name"":""海盐奥利奥（巧克力戚风+奥利奥奶油+一层奥利奥碎和脆珠+一层巧克力脆脆和脆珠夹心""},{""name"":""伯牙绝弦夹心（红茶戚风+伯牙绝弦奶油+一层抹茶茉莉慕斯+一层黑巧碧根果和巧克力脆""}]}]",尺寸（必须）：6寸318元；夹心口味选择（喜好）：原味奶油加新鲜水果（默认芒果如有过敏请咨询客服）、巧克力奶油加新鲜水果（默认芒果如有过敏请咨询客服）、海盐奥利奥（巧克力戚风+奥利奥奶油+一层奥利奥碎和脆珠+一层巧克力脆脆和脆珠夹心、伯牙绝弦夹心（红茶戚风+伯牙绝弦奶油+一层抹茶茉莉慕斯+一层黑巧碧根果和巧克力脆,False,False,,1,3,ok
113996920,3857336349,3f38qy9cfkbp4j7,https://shop114189088.youzan.com/v2/goods/3f38qy9cfkbp4j7,福气奶奶,送长辈,258.0,258.0,328.0,"[{""url"":""https://img.yzcdn.cn/upload_files/2025/02/12/Frk40TeJYAJxN-PlS1amPW400ITe.jpg"",""size"":""828*829""}]","[{""name"":""尺寸"",""type"":""price"",""required"":true,""ask_stage"":""confirm"",""options"":[{""name"":""5寸"",""price"":258.0},{""name"":""6寸"",""price"":328.0}]},{""name"":""夹心口味选择"",""type"":""preference"",""required"":false,""ask_stage"":""confirm"",""options"":[{""name"":""海盐奥利奥（巧克力戚风+奥利奥奶油+一层奥利奥碎和脆珠+一层巧克力脆脆和脆珠夹心""},{""name"":""巧克力奶油加新鲜水果（默认芒果如有过敏请咨询客服）""},{""name"":""原味奶油加新鲜水果（默认芒果如有过敏请咨询客服）""},{""name"":""伯牙绝弦夹心（红茶戚风+伯牙绝弦奶油+一层抹茶茉莉慕斯+一层黑巧碧根果和巧克力脆""}]}]",尺寸（必须）：5寸258元、6寸328元；夹心口味选择（喜好）：海盐奥利奥（巧克力戚风+奥利奥奶油+一层奥利奥碎和脆珠+一层巧克力脆脆和脆珠夹心、巧克力奶油加新鲜水果（默认芒果如有过敏请咨询客服）、原味奶油加新鲜水果（默认芒果如有过敏请咨询客服）、伯牙绝弦夹心（红茶戚风+伯牙绝弦奶油+一层抹茶茉莉慕斯+一层黑巧碧根果和巧克力脆,False,False,,2,3,ok
113996920,3816794848,2x711xbcpqlagcf,https://shop114189088.youzan.com/v2/goods/2x711xbcpqlagcf,库洛米（装饰需提前准备，下单前请咨询）,女宝宝,238.0,238.0,308.0,"[{""url"":""https://img.yzcdn.cn/upload_files/2024/03/07/Fp46a1S1Ck6UEhEM5rvFlWygFOFm.jpg"",""size"":""700*700""}]","[{""name"":""尺寸"",""type"":""price"",""required"":true,""ask_stage"":""confirm"",""options"":[{""name"":""5寸"",""price"":238.0},{""name"":""6寸"",""price"":308.0}]},{""name"":""夹心口味选择"",""type"":""preference"",""required"":false,""ask_stage"":""confirm"",""options"":[{""name"":""原味奶油加新鲜水果（默认芒果如有过敏请咨询客服）""},{""name"":""巧克力奶油加新鲜水果（默认芒果如有过敏请咨询客服）""},{""name"":""海盐奥利奥（巧克力戚风+奥利奥奶油+一层奥利奥碎和脆珠+一层巧克力脆脆和脆珠夹心""},{""name"":""伯牙绝弦夹心（红茶戚风+伯牙绝弦奶油+一层抹茶茉莉慕斯+一层黑巧碧根果和巧克力脆""}]}]",尺寸（必须）：5寸238元、6寸308元；夹心口味选择（喜好）：原味奶油加新鲜水果（默认芒果如有过敏请咨询客服）、巧克力奶油加新鲜水果（默认芒果如有过敏请咨询客服）、海盐奥利奥（巧克力戚风+奥利奥奶油+一层奥利奥碎和脆珠+一层巧克力脆脆和脆珠夹心、伯牙绝弦夹心（红茶戚风+伯牙绝弦奶油+一层抹茶茉莉慕斯+一层黑巧碧根果和巧克力脆,False,False,,2,3,ok
113996920,3643835569,2xaq9agnkl0xkdm,https://shop114189088.youzan.com/v2/goods/2xaq9agnkl0xkdm,立体可琪安（需提前2天预定，下单前请先咨询),女宝宝;送女神,308.0,308.0,378.0,"[{""url"":""https://img.yzcdn.cn/upload_files/2024/11/29/FqWV2mAuoVgVaot1vyugUSICJsC0.jpg"",""size"":""828*829""}]","[{""name"":""尺寸"",""type"":""price"",""required"":true,""ask_stage"":""confirm"",""options"":[{""name"":""5寸"",""price"":308.0},{""name"":""6寸"",""price"":378.0}]},{""name"":""夹心选择"",""type"":""preference"",""required"":false,""ask_stage"":""confirm"",""options"":[{""name"":""原味奶油加新鲜水果（默认芒果如有过敏请咨询客服）""},{""name"":""巧克力奶油加新鲜水果（默认芒果如有过敏请咨询客服）""},{""name"":""海盐奥利奥（巧克力戚风+海盐奥利奥奶油+奥利奥碎、巧克力脆脆、巧克力脆珠夹心）""},{""name"":""伯牙绝弦（红茶戚风+伯牙绝弦奶油+一层抹茶茉莉慕斯+一层巧克力碧根果和巧克力脆脆""}]}]",尺寸（必须）：5寸308元、6寸378元；夹心选择（喜好）：原味奶油加新鲜水果（默认芒果如有过敏请咨询客服）、巧克力奶油加新鲜水果（默认芒果如有过敏请咨询客服）、海盐奥利奥（巧克力戚风+海盐奥利奥奶油+奥利奥碎、巧克力脆脆、巧克力脆珠夹心）、伯牙绝弦（红茶戚风+伯牙绝弦奶油+一层抹茶茉莉慕斯+一层巧克力碧根果和巧克力脆脆,False,False,,2,3,ok
113996920,3846638508,2ophy4b8udkig89,https://shop114189088.youzan.com/v2/goods/2ophy4b8udkig89,锦鲤顺风顺水（配件需提前制作，下单前请咨询）,送男士,228.0,228.0,298.0,"[{""url"":""https://img.yzcdn.cn/upload_files/2025/02/06/FlbjQWsTKW1HO__R0DA_Bv91aYP4.jpg"",""size"":""826*826""}]","[{""name"":""尺寸"",""type"":""price"",""required"":true,""ask_stage"":""confirm"",""options"":[{""name"":""5寸"",""price"":228.0},{""name"":""6寸"",""price"":298.0}]},{""name"":""夹心口味选择"",""type"":""preference"",""required"":false,""ask_stage"":""confirm"",""options"":[{""name"":""海盐奥利奥（巧克力戚风+奥利奥奶油+一层奥利奥碎和脆珠+一层巧克力脆脆和脆珠夹心""},{""name"":""巧克力奶油加新鲜水果（默认芒果如有过敏请咨询客服）""},{""name"":""原味奶油加新鲜水果（默认芒果如有过敏请咨询客服）""},{""name"":""伯牙绝弦夹心（红茶戚风+伯牙绝弦奶油+一层抹茶茉莉慕斯+一层黑巧碧根果）""}]}]",尺寸（必须）：5寸228元、6寸298元；夹心口味选择（喜好）：海盐奥利奥（巧克力戚风+奥利奥奶油+一层奥利奥碎和脆珠+一层巧克力脆脆和脆珠夹心、巧克力奶油加新鲜水果（默认芒果如有过敏请咨询客服）、原味奶油加新鲜水果（默认芒果如有过敏请咨询客服）、伯牙绝弦夹心（红茶戚风+伯牙绝弦奶油+一层抹茶茉莉慕斯+一层黑巧碧根果）,False,False,,4,3,ok
113996920,3850905411,2oklse8j8ipt4l6,https://shop114189088.youzan.com/v2/goods/2oklse8j8ipt4l6,长辈蛋糕（6英寸+10个纸杯）（配件需提前制作，下单前请咨询）,送长辈,498.0,498.0,498.0,"[{""url"":""https://img.yzcdn.cn/upload_files/2025/02/10/Frkn_Kh0q1SwVBv6aAG16jQ84u2F.jpg"",""size"":""826*827""}]","[{""name"":""夹心口味选择"",""type"":""preference"",""required"":false,""ask_stage"":""confirm"",""options"":[{""name"":""海盐奥利奥（巧克力戚风+奥利奥奶油+一层奥利奥碎和脆珠+一层巧克力脆脆和脆珠夹心""},{""name"":""巧克力奶油加新鲜水果（默认芒果如有过敏请咨询客服）""},{""name"":""原味奶油加新鲜水果（默认芒果如有过敏请咨询客服）""},{""name"":""伯牙绝弦夹心（红茶戚风+伯牙绝弦奶油+一层抹茶茉莉慕斯+一层黑巧碧根果）""}]}]",夹心口味选择（喜好）：海盐奥利奥（巧克力戚风+奥利奥奶油+一层奥利奥碎和脆珠+一层巧克力脆脆和脆珠夹心、巧克力奶油加新鲜水果（默认芒果如有过敏请咨询客服）、原味奶油加新鲜水果（默认芒果如有过敏请咨询客服）、伯牙绝弦夹心（红茶戚风+伯牙绝弦奶油+一层抹茶茉莉慕斯+一层黑巧碧根果）,False,False,,0,3,ok
113996920,3643839263,2oef0zomjffk8jr,https://shop114189088.youzan.com/v2/goods/2oef0zomjffk8jr,立体loopy（需提前2天预定，下单前请先咨询),女宝宝;送女神,318.0,318.0,388.0,"[{""url"":""https://img.yzcdn.cn/upload_files/2024/11/29/FuQMofmZe5YE1dwxSXuc3awuPIQ9.jpg"",""size"":""717*717""}]","[{""name"":""尺寸"",""type"":""price"",""required"":true,""ask_stage"":""confirm"",""options"":[{""name"":""5寸"",""price"":318.0},{""name"":""6寸"",""price"":388.0}]},{""name"":""夹心选择"",""type"":""preference"",""required"":false,""ask_stage"":""confirm"",""options"":[{""name"":""原味奶油加新鲜水果（默认芒果如有过敏请咨询客服）""},{""name"":""巧克力奶油加新鲜水果（默认芒果如有过敏请咨询客服）""},{""name"":""海盐奥利奥（巧克力戚风+海盐奥利奥奶油+奥利奥碎、巧克力脆脆、巧克力脆珠夹心）""},{""name"":""伯牙绝弦（红茶戚风+伯牙绝弦奶油+一层抹茶茉莉慕斯+一层巧克力碧根果和巧克力脆脆""}]}]",尺寸（必须）：5寸318元、6寸388元；夹心选择（喜好）：原味奶油加新鲜水果（默认芒果如有过敏请咨询客服）、巧克力奶油加新鲜水果（默认芒果如有过敏请咨询客服）、海盐奥利奥（巧克力戚风+海盐奥利奥奶油+奥利奥碎、巧克力脆脆、巧克力脆珠夹心）、伯牙绝弦（红茶戚风+伯牙绝弦奶油+一层抹茶茉莉慕斯+一层巧克力碧根果和巧克力脆脆,False,False,,1,3,ok
113996920,3857304636,2xbylpi6xvok8v5,https://shop114189088.youzan.com/v2/goods/2xbylpi6xvok8v5,水果祝寿,送长辈,298.0,298.0,398.0,"[{""url"":""https://img.yzcdn.cn/upload_files/2025/02/12/FlsJQZ8ci-DM3AtB4m0epz-PEIL2.jpg"",""size"":""826*826""},{""url"":""https://img.yzcdn.cn/upload_files/2025/02/12/FvqzptD432lRC6le-SPUJXDjFGOQ.jpg"",""size"":""826*826""}]","[{""name"":""尺寸"",""type"":""price"",""required"":true,""ask_stage"":""confirm"",""options"":[{""name"":""6寸"",""price"":298.0},{""name"":""8寸"",""price"":398.0}]},{""name"":""夹心口味选择"",""type"":""preference"",""required"":false,""ask_stage"":""confirm"",""options"":[{""name"":""海盐奥利奥（巧克力戚风+奥利奥奶油+一层奥利奥碎和脆珠+一层巧克力脆脆和脆珠夹心""},{""name"":""巧克力奶油加新鲜水果（默认芒果如有过敏请咨询客服）""},{""name"":""原味奶油加新鲜水果（默认芒果如有过敏请咨询客服）""},{""name"":""伯牙绝弦夹心（红茶戚风+伯牙绝弦奶油+一层抹茶茉莉慕斯+一层黑巧碧根果和巧克力脆""}]}]",尺寸（必须）：6寸298元、8寸398元；夹心口味选择（喜好）：海盐奥利奥（巧克力戚风+奥利奥奶油+一层奥利奥碎和脆珠+一层巧克力脆脆和脆珠夹心、巧克力奶油加新鲜水果（默认芒果如有过敏请咨询客服）、原味奶油加新鲜水果（默认芒果如有过敏请咨询客服）、伯牙绝弦夹心（红茶戚风+伯牙绝弦奶油+一层抹茶茉莉慕斯+一层黑巧碧根果和巧克力脆,False,False,,1,3,ok
113996920,3846645678,27bs3xhk3z87c32,https://shop114189088.youzan.com/v2/goods/27bs3xhk3z87c32,福顺锦鲤（配件需提前制作，下单前请咨询）,送男士;送长辈,258.0,258.0,328.0,"[{""url"":""https://img.yzcdn.cn/upload_files/2025/02/06/FqYCeHvpkBOGfyKTp-PaL5yhOfHl.jpg"",""size"":""828*828""}]","[{""name"":""尺寸"",""type"":""price"",""required"":true,""ask_stage"":""confirm"",""options"":[{""name"":""5寸"",""price"":258.0},{""name"":""6寸"",""price"":328.0}]},{""name"":""夹心口味选择"",""type"":""preference"",""required"":false,""ask_stage"":""confirm"",""options"":[{""name"":""海盐奥利奥（巧克力戚风+奥利奥奶油+一层奥利奥碎和脆珠+一层巧克力脆脆和脆珠夹心""},{""name"":""巧克力奶油加新鲜水果（默认芒果如有过敏请咨询客服）""},{""name"":""原味奶油加新鲜水果（默认芒果如有过敏请咨询客服）""},{""name"":""伯牙绝弦夹心（红茶戚风+伯牙绝弦奶油+一层抹茶茉莉慕斯+一层黑巧碧根果）""}]}]",尺寸（必须）：5寸258元、6寸328元；夹心口味选择（喜好）：海盐奥利奥（巧克力戚风+奥利奥奶油+一层奥利奥碎和脆珠+一层巧克力脆脆和脆珠夹心、巧克力奶油加新鲜水果（默认芒果如有过敏请咨询客服）、原味奶油加新鲜水果（默认芒果如有过敏请咨询客服）、伯牙绝弦夹心（红茶戚风+伯牙绝弦奶油+一层抹茶茉莉慕斯+一层黑巧碧根果）,False,False,,4,3,ok
113996920,2915344494,1ye9ebhllhaa0et,https://shop114189088.youzan.com/v2/goods/1ye9ebhllhaa0et,超级宝贝jojo（装饰需提前准备，下单前请咨询）,男宝宝,258.0,258.0,328.0,"[{""url"":""https://img.yzcdn.cn/upload_files/2024/03/21/FmQ5YctCOHX0dBeTU76mnhXkjoxf.jpg"",""size"":""586*586""}]","[{""name"":""尺寸"",""type"":""price"",""required"":true,""ask_stage"":""confirm"",""options"":[{""name"":""5寸"",""price"":258.0},{""name"":""6寸"",""price"":328.0}]},{""name"":""夹心口味选择"",""type"":""preference"",""required"":false,""ask_stage"":""confirm"",""options"":[{""name"":""原味奶油加新鲜水果（默认芒果如有过敏请咨询客服）""},{""name"":""巧克力奶油加新鲜水果（默认芒果如有过敏请咨询客服）""},{""name"":""海盐奥利奥（巧克力戚风+奥利奥奶油+一层奥利奥碎和脆珠+一层巧克力脆脆和脆珠夹心""},{""name"":""伯牙绝弦夹心（红茶戚风+伯牙绝弦奶油+一层抹茶茉莉慕斯+一层黑巧碧根果和巧克力脆""}]}]",尺寸（必须）：5寸258元、6寸328元；夹心口味选择（喜好）：原味奶油加新鲜水果（默认芒果如有过敏请咨询客服）、巧克力奶油加新鲜水果（默认芒果如有过敏请咨询客服）、海盐奥利奥（巧克力戚风+奥利奥奶油+一层奥利奥碎和脆珠+一层巧克力脆脆和脆珠夹心、伯牙绝弦夹心（红茶戚风+伯牙绝弦奶油+一层抹茶茉莉慕斯+一层黑巧碧根果和巧克力脆,False,False,,3,3,ok
113996920,2882523074,2oqrbyaz4wyo8o7,https://shop114189088.youzan.com/v2/goods/2oqrbyaz4wyo8o7,可爱宝贝jojo（装饰需提前准备，下单前请咨询）,女宝宝,258.0,258.0,328.0,"[{""url"":""https://img.yzcdn.cn/upload_files/2024/03/01/Fv5S2fKsP81lmQdzfncj9hHJAHXT.jpg"",""size"":""682*682""}]","[{""name"":""尺寸"",""type"":""price"",""required"":true,""ask_stage"":""confirm"",""options"":[{""name"":""5寸"",""price"":258.0},{""name"":""6寸"",""price"":328.0}]},{""name"":""夹心口味选择"",""type"":""preference"",""required"":false,""ask_stage"":""confirm"",""options"":[{""name"":""原味奶油加新鲜水果（默认芒果如有过敏请咨询客服）""},{""name"":""巧克力奶油加新鲜水果（默认芒果如有过敏请咨询客服）""},{""name"":""海盐奥利奥（巧克力戚风+奥利奥奶油+一层奥利奥碎和脆珠+一层巧克力脆脆和脆珠夹心""},{""name"":""伯牙绝弦夹心（红茶戚风+伯牙绝弦奶油+一层抹茶茉莉慕斯+一层黑巧碧根果和巧克力脆""}]}]",尺寸（必须）：5寸258元、6寸328元；夹心口味选择（喜好）：原味奶油加新鲜水果（默认芒果如有过敏请咨询客服）、巧克力奶油加新鲜水果（默认芒果如有过敏请咨询客服）、海盐奥利奥（巧克力戚风+奥利奥奶油+一层奥利奥碎和脆珠+一层巧克力脆脆和脆珠夹心、伯牙绝弦夹心（红茶戚风+伯牙绝弦奶油+一层抹茶茉莉慕斯+一层黑巧碧根果和巧克力脆,False,False,,3,3,ok
113996920,1886303796,26x0bwnvilnc8rl,https://shop114189088.youzan.com/v2/goods/26x0bwnvilnc8rl,万福祝寿（装饰需提前制作下单前请咨询）,送长辈,318.0,318.0,318.0,"[{""url"":""https://img.yzcdn.cn/upload_files/2022/06/22/FmfselNnTxOJztn1mH9ga2xH-1UI.jpg"",""size"":""1278*1582""}]","[{""name"":""尺寸"",""type"":""price"",""required"":false,""ask_stage"":""never"",""options"":[{""name"":""6寸"",""price"":318.0}]},{""name"":""夹心选择"",""type"":""preference"",""required"":false,""ask_stage"":""confirm"",""options"":[{""name"":""原味奶油加水果（水果视季节不同变化请咨询客服）""},{""name"":""海盐奥利奥（巧克力戚风+海盐奥利奥奶油+奥利奥碎、巧克力脆脆、巧克力脆珠夹心）""},{""name"":""巧克力奶油加水果（水果视季节不同变化请咨询客服）""},{""name"":""伯牙绝弦（红茶戚风+伯牙绝弦奶油+一层抹茶茉莉慕斯+一层巧克力碧根果和巧克力脆脆""}]}]",尺寸（必须）：6寸318元；夹心选择（喜好）：原味奶油加水果（水果视季节不同变化请咨询客服）、海盐奥利奥（巧克力戚风+海盐奥利奥奶油+奥利奥碎、巧克力脆脆、巧克力脆珠夹心）、巧克力奶油加水果（水果视季节不同变化请咨询客服）、伯牙绝弦（红茶戚风+伯牙绝弦奶油+一层抹茶茉莉慕斯+一层巧克力碧根果和巧克力脆脆,False,False,,4,3,ok
113996920,3879824670,3nkpln33404qgmw,https://shop114189088.youzan.com/v2/goods/3nkpln33404qgmw,夏威夷果巧克力脆脆(200g),,88.0,88.0,88.0,"[{""url"":""https://img01.yzcdn.cn/upload_files/2025/02/25/FpXosIYTWtSrpX6rseCD-GONoMCY.jpg"",""size"":""826*1102""},{""url"":""https://img01.yzcdn.cn/upload_files/2025/03/03/FvoiXE9AuZ_yqe2HT1VETTzRMaF2.jpg"",""size"":""826*1102""}]",[],无可选规格,False,False,,7,2,ok
113996920,3580334355,2fy7k0frvyu1k4r,https://shop114189088.youzan.com/v2/goods/2fy7k0frvyu1k4r,美式巧克力坚果大曲奇,,88.0,88.0,88.0,"[{""url"":""https://img01.yzcdn.cn/upload_files/2024/11/13/Fo7T4i8KB0T2mrgbgQxjQn_WItR2.jpg"",""size"":""826*1102""},{""url"":""https://img01.yzcdn.cn/upload_files/2024/11/13/FvtN2al5WNmKmuA8nnhNMZ3ktNXp.jpg"",""size"":""839*839""},{""url"":""https://img01.yzcdn.cn/upload_files/2024/11/13/Fnf7-urvjEnD6mNl14jBnoZMX0_q.jpg"",""size"":""828*828""},{""url"":""https://img01.yzcdn.cn/upload_files/2024/11/13/FoNRJI-vS7wuAIa-UWNgqgAiWPlC.jpg"",""size"":""828*552""},{""url"":""https://img01.yzcdn.cn/upload_files/2024/11/13/FnJNPViNKx2G7vjdEUqqYSvH5j8N.jpg"",""size"":""869*1304""},{""url"":""https://img01.yzcdn.cn/upload_files/2024/11/13/FhLMtE7OKqIUWNVctyHOp_xNfSYk.jpg"",""size"":""828*1104""},{""url"":""https://img01.yzcdn.cn/upload_files/2024/11/13/FizXT_uGIhdgXxJrvnCqzhhyuhan.jpg"",""size"":""826*1102""},{""url"":""https://img01.yzcdn.cn/upload_files/2024/11/13/FgtWsFiSN2g0fsaFQhoKkbcol32o.jpg"",""size"":""826*1102""}]","[{""name"":""口味选择"",""type"":""preference"",""required"":false,""ask_stage"":""confirm"",""options"":[{""name"":""6枚原味巧克力""},{""name"":""6枚双重巧克力""},{""name"":""3枚原味巧克力+3枚双重巧克力""}]}]",口味选择（喜好）：6枚原味巧克力、6枚双重巧克力、3枚原味巧克力+3枚双重巧克力,False,False,,56,2,ok
